selection_rank,selection_stage,selection_reason,benchmark,task_id,task_column,candidate_reason,mix_selection_score,final_priority_score,difficulty_tier,difficulty_signal,representative_signal,unique_unpredictable_signal,discrimination_signal,observed_count,imputed_mean,observed_mean,observed_std,strength_correlation,useful_representativeness_score,task_unpredictability_score,representative_rank_within_benchmark,unique_rank_within_benchmark,composite_rank_within_benchmark,base_representative_task,difficult_task,frontier_task_with_signal,unique_unpredictable_task,high_composite_task
1,representative_base,base_representative;unique_unpredictable;high_composite,kumo,educationenv-t4-a6-v1-s0,kumo/educationenv-t4-a6-v1-s0,base_representative;unique_unpredictable;high_composite,0.7824606814072327,0.8824606814072327,easy,0.29166662499999996,0.9948717948717949,0.8538461538461538,0.9858490566037735,16,0.708333375,0.708333375,0.3886408072801406,0.7127242216515137,0.2857778348848276,0.10207367382193222,2.0,30.0,3.0,True,False,False,True,True
2,representative_base,base_representative;unique_unpredictable;high_composite,kumo,chemicalenv-t12-a16-v1-s0,kumo/chemicalenv-t12-a16-v1-s0,base_representative;unique_unpredictable;high_composite,0.7568925427022859,0.856892542702286,easy,0.22916668750000002,1.0,0.8153846153846154,0.9716981132075472,16,0.7708333125,0.7708333125,0.3673998788880649,0.8527219761301539,0.31793289184442314,0.05058250729966596,1.0,37.0,5.0,True,False,False,True,True
3,representative_base,base_representative;high_composite,gso,gso-pandas-dev--pandas-2421931,gso/gso-pandas-dev--pandas-2421931,base_representative;high_composite,0.7701388836805555,0.8301388836805554,medium,0.4583333125,1.0,0.6222222222222222,1.0,16,0.5416666875,0.5416666875,0.4545296924508506,0.6745437712259679,0.40584516537473486,0.156900114397573,1.0,35.0,2.0,True,False,False,False,True
4,representative_base,base_representative;high_composite,scicode,scicode-8,scicode/scicode-8,base_representative;high_composite,0.7686929171660959,0.8286929171660959,medium,0.4583333125,1.0,0.6164383561643836,1.0,16,0.5416666875,0.5416666875,0.4545296924508506,0.6048041589222178,0.33246670257133043,0.17726948369044437,1.0,29.0,1.0,True,False,False,False,True
5,representative_base,base_representative;high_composite,swesmith,oauthlib__oauthlib.1fd52536.combine_file__cqshl0vn,swesmith/oauthlib__oauthlib.1fd52536.combine_file__cqshl0vn,base_representative;high_composite,0.7670094936708861,0.827009493670886,medium,0.625,1.0,0.4430379746835443,1.0,16,0.375,0.375,0.4841229182759271,0.5150624494495685,0.3677382009275026,0.1114767768902104,1.0,45.0,1.0,True,False,False,False,True
6,representative_base,base_representative;high_composite,spider2,f1002,spider2/f1002,base_representative;high_composite,0.7639757100694444,0.8239757100694445,medium,0.5625000625000001,0.9722222222222222,0.5416666666666666,0.984375,16,0.4374999375,0.4374999375,0.4521361480286481,0.532230809779004,0.3559195009650183,0.17439848533194902,2.0,17.0,2.0,True,False,False,False,True
7,representative_base,base_representative;high_composite,featurebench-modal,pandas-dev__pandas.82fa2715.test_concat.ebe5de39.lv1,featurebench-modal/pandas-dev__pandas.82fa2715.test_concat.ebe5de39.lv1,base_representative;high_composite,0.7621604244520963,0.8221604244520964,medium,0.5833333125,0.9935897435897436,0.4807692307692308,0.9891891891891892,16,0.4166666875,0.4166666875,0.4487637610084674,0.563639263759979,0.38326277439897827,0.10455885845704738,2.0,82.0,9.0,True,False,False,False,True
8,representative_base,base_representative;high_composite,algotune,algotune-count-riemann-zeta-zeros,algotune/algotune-count-riemann-zeta-zeros,base_representative;high_composite,0.7587856775793651,0.8187856775793652,medium,0.57482525,1.0,0.4603174603174603,1.0,16,0.42517475,0.42517475,0.4286485660129256,0.6056759003761705,0.31421491055281026,0.1676765780937992,1.0,69.0,4.0,True,False,False,False,True
9,representative_base,base_representative;high_composite,replicationbench,disk_ridges__ridge_slope,replicationbench/disk_ridges__ridge_slope,base_representative;high_composite,0.7560970672468355,0.8160970672468355,medium,0.66666675,1.0,0.4177215189873418,0.9,16,0.33333325,0.33333325,0.4082482904638885,0.5139871893340996,0.36324576543458237,0.09504593799553951,1.0,47.0,3.0,True,False,False,False,True
10,representative_base,base_representative;high_composite,featurebench-modal,mwaskom__seaborn.7001ebe7.test_bar.123ed709.lv1,featurebench-modal/mwaskom__seaborn.7001ebe7.test_bar.123ed709.lv1,base_representative;high_composite,0.7487599670932952,0.8087599670932952,medium,0.6041666875,1.0,0.40384615384615385,0.9783783783783784,16,0.3958333125,0.3958333125,0.4443902062174242,0.6449925195281485,0.3907278002599957,0.09210581524258876,1.0,94.0,13.0,True,False,False,False,True
11,representative_base,base_representative;high_composite,algotune,algotune-matrix-completion,algotune/algotune-matrix-completion,base_representative;high_composite,0.7467303814709595,0.8067303814709594,medium,0.6485376875,0.9920634920634921,0.36507936507936506,0.974025974025974,16,0.3514623125,0.3514623125,0.354769842577501,0.6244991382570916,0.28610010697592064,0.12830457536189144,2.0,81.0,6.0,True,False,False,False,True
12,representative_base,base_representative;high_composite,labbench,figqa-0003,labbench/figqa-0003,base_representative;high_composite,0.7440242471178103,0.8040242471178103,medium,0.625,0.9942196531791907,0.36416184971098264,0.9917127071823204,16,0.375,0.375,0.4841229182759271,0.4021495465492815,0.4032284725429074,0.09641600524396055,2.0,111.0,2.0,True,False,False,False,True
13,representative_base,base_representative;high_composite,pixiu,pixiu-mlesg-mlesg10,pixiu/pixiu-mlesg-mlesg10,base_representative;high_composite,0.7414870689655171,0.8014870689655171,medium,0.4375,1.0,0.5517241379310345,0.9612068965517241,16,0.5625,0.5625,0.4960783708246107,0.6859279123941754,0.37095327987874105,0.14851485185479352,1.0,40.0,2.0,True,False,False,False,True
14,representative_base,base_representative;high_composite,swe-lancer,50287-manager-0,swe-lancer/50287-manager-0,base_representative;high_composite,0.7409574624335107,0.8009574624335107,medium,0.5000000625000001,0.9893617021276596,0.4787234042553192,1.0,16,0.4999999375,0.4999999375,0.4564354874094297,0.6985476972919604,0.3468295716878384,0.19186241711774688,2.0,50.0,5.0,True,False,False,False,True
15,representative_base,base_representative;high_composite,seal0,39,seal0/39,base_representative;high_composite,0.7321153494399004,0.7921153494399005,medium,0.45833337500000004,1.0,0.5052631578947369,0.9414414414414415,16,0.541666625,0.541666625,0.4389856086289838,0.5334892108777272,0.36301403719250114,0.19869935404758965,1.0,48.0,2.0,True,False,False,False,True
16,representative_base,base_representative;high_composite,seal0,0,seal0/0,base_representative;high_composite,0.7221766780538763,0.7821766780538764,medium,0.6458333125,0.9894736842105263,0.26842105263157895,0.9819819819819819,16,0.3541666875,0.3541666875,0.4635124194893162,0.4326480610857831,0.33507921985190614,0.15090185319450944,2.0,70.0,4.0,True,False,False,False,True
17,representative_base,base_representative;high_composite,scicode,scicode-16,scicode/scicode-16,base_representative;high_composite,0.7190011519691781,0.7790011519691782,medium,0.39583337500000004,0.9863013698630136,0.5068493150684932,0.9875,16,0.604166625,0.604166625,0.4077163812866541,0.5780293530298933,0.3256783453438323,0.1256605712865675,2.0,37.0,3.0,True,False,False,False,True
18,representative_base,base_representative;high_composite,qcircuitbench,bernstein_vazirani-n8,qcircuitbench/bernstein_vazirani-n8,base_representative;high_composite,0.707291671875,0.767291671875,medium,0.4291666875,1.0,0.4,1.0,16,0.5708333125,0.5708333125,0.4605062252640726,0.6836089267917329,0.331009558693052,0.14781198145736985,1.0,16.0,2.0,True,False,False,False,True
19,representative_base,base_representative;high_composite,spreadsheetbench,438-18,spreadsheetbench/438-18,base_representative;high_composite,0.7056343485331633,0.7656343485331634,medium,0.3333333125,1.0,0.5102040816326531,0.965,16,0.6666666875,0.6666666875,0.4564354645876455,0.7630309240220868,0.3718377015395172,0.07495393030255137,1.0,97.0,1.0,True,False,False,False,True
20,representative_base,base_representative;high_composite,arc-agi-2,3e6067c3_0,arc-agi-2/3e6067c3_0,base_representative;high_composite,0.7040306965460525,0.7640306965460526,medium,0.5833333125,0.9894736842105263,0.3105263157894737,0.895,16,0.4166666875,0.4166666875,0.4487637610084674,0.6094883835297569,0.40096079186064143,0.03060175176069646,2.0,66.0,11.0,True,False,False,False,True
21,representative_base,base_representative;high_composite,strongreject,strongreject_non-violent_crimes_0025_pap_logical_appeal,strongreject/strongreject_non-violent_crimes_0025_pap_logical_appeal,base_representative;high_composite,0.7021249843749999,0.762124984375,medium,0.31249993749999994,1.0,0.5,0.9933333333333333,16,0.6875000625000001,0.6875000625000001,0.419262692985178,-0.3822039288556166,0.270742907604751,0.15791210754854157,1.0,35.0,6.0,True,False,False,False,True
22,representative_base,base_representative;high_composite,replicationbench,astm3__photometry_classification_accuracy_with_clip,replicationbench/astm3__photometry_classification_accuracy_with_clip,base_representative;high_composite,0.6999472521756329,0.759947252175633,medium,0.5833333125,0.9873417721518988,0.23417721518987342,1.0,16,0.4166666875,0.4166666875,0.4787135647580292,0.5473977286098375,0.36237998641211894,0.04653731324124155,2.0,62.0,9.0,True,False,False,False,True
23,representative_base,base_representative;high_composite,arc-agi-2,8f215267_0,arc-agi-2/8f215267_0,base_representative;high_composite,0.6958136069078947,0.7558136069078947,medium,0.520833375,1.0,0.26842105263157895,0.99,16,0.479166625,0.479166625,0.4709439527133079,0.6362134495435204,0.41004284174864314,0.027583090914087394,1.0,70.0,14.0,True,False,False,False,True
24,representative_base,base_representative;high_composite,crustbench,crustbench-approxidate,crustbench/crustbench-approxidate,base_representative;high_composite,0.6933958333333334,0.7533958333333335,medium,0.3125,0.9895833333333334,0.5416666666666666,0.89,16,0.6875,0.6875,0.399109286063667,0.7556226483156573,0.3386174351478853,0.0662069954023159,2.0,45.0,6.0,True,False,False,False,True
25,representative_base,base_representative;high_composite,compilebench,coreutils-old-version,compilebench/coreutils-old-version,base_representative;high_composite,0.6906250052083334,0.7506250052083334,easy,0.22916668750000002,1.0,0.5333333333333333,1.0,16,0.7708333125,0.7708333125,0.4034357878223495,0.7629587908947488,0.3603178134285884,0.05328141601997238,1.0,8.0,1.0,True,False,False,False,True
26,representative_base,base_representative;high_composite,codepde,codepde-darcy,codepde/codepde-darcy,base_representative;high_composite,0.68875,0.74875,medium,0.5,1.0,0.375,0.8,16,0.5,0.5,0.3726780707856313,0.3205657239900255,0.26841675276137633,0.4246444583267913,1.0,4.0,1.0,True,False,False,False,True
27,representative_base,base_representative;high_composite,gaia,dc22a632-937f-4e6a-b72f-ba0ff3f5ff97,gaia/dc22a632-937f-4e6a-b72f-ba0ff3f5ff97,base_representative;high_composite,0.6883616664827013,0.7483616664827013,medium,0.43749993750000005,0.9936305732484076,0.3503184713375796,0.9575757575757575,16,0.5625000625,0.5625000625,0.4521361480286481,0.6617020760597694,0.4029111869331947,0.10111123385150345,2.0,103.0,8.0,True,False,False,False,True
28,representative_base,base_representative;high_composite,gpqa-diamond,24,gpqa-diamond/24,base_representative;high_composite,0.6880378473495312,0.7480378473495313,medium,0.33333337500000004,1.0,0.430939226519337,0.9797979797979798,16,0.666666625,0.666666625,0.4409585833411505,0.7219856725970337,0.3824390918207935,0.06799301481364939,1.0,104.0,26.0,True,False,False,False,True
29,representative_base,base_representative;high_composite,aider-polyglot,polyglot_java_transpose,aider-polyglot/polyglot_java_transpose,base_representative;high_composite,0.6872827950131976,0.7472827950131975,medium,0.41666662499999996,0.995475113122172,0.3574660633484163,0.9688888888888889,16,0.583333375,0.583333375,0.4639803710527357,0.7207996509697295,0.3982620818027795,0.04702364570408757,2.0,143.0,21.0,True,False,False,False,True
30,representative_base,base_representative;high_composite,reasoning-gym,reasoning-gym-graphs-shortest-path-hard0292e21f-seed45-1,reasoning-gym/reasoning-gym-graphs-shortest-path-hard0292e21f-seed45-1,base_representative;high_composite,0.6842031145833334,0.7442031145833334,easy,0.29166662499999996,0.9980952380952381,0.47333333333333333,0.9574652777777778,16,0.708333375,0.708333375,0.4228704777733182,0.53536037035578,0.34981153222765077,0.05876201116780899,2.0,278.0,57.0,True,False,False,False,True
31,representative_base,base_representative;high_composite,skillsbench,threejs-to-obj,skillsbench/threejs-to-obj,base_representative;high_composite,0.6791244854970397,0.7391244854970398,medium,0.3958333125,0.9852941176470589,0.35294117647058826,0.9805194805194806,16,0.6041666875,0.6041666875,0.4443902062174242,0.7048484798291642,0.35435177269491447,0.1469347328748103,2.0,45.0,7.0,True,False,False,False,True
32,representative_base,base_representative;high_composite,labbench,figqa-0128,labbench/figqa-0128,base_representative;high_composite,0.6766832066553827,0.7366832066553828,medium,0.625,1.0,0.08670520231213873,0.9917127071823204,16,0.375,0.375,0.4841229182759271,0.3558519493386272,0.4105348123140708,0.029568747864497036,1.0,159.0,12.0,True,False,False,False,True
33,representative_base,base_representative;high_composite,swesmith,oauthlib__oauthlib.1fd52536.combine_file__cw8yqgmm,swesmith/oauthlib__oauthlib.1fd52536.combine_file__cw8yqgmm,base_representative;high_composite,0.6765516016533195,0.7365516016533196,medium,0.375,0.9873417721518988,0.37341772151898733,0.9591836734693877,16,0.625,0.625,0.4545296867214781,0.728814857769753,0.3428675002442357,0.101103156761015,2.0,50.0,15.0,True,False,False,False,True
34,representative_base,base_representative;high_composite,hle,hle/hle__6701a951f96e98d9d4df3e02,hle/hle/hle__6701a951f96e98d9d4df3e02,base_representative;high_composite,0.6738181676610288,0.7338181676610287,medium,0.520833375,0.9948717948717949,0.19487179487179487,0.9779116465863453,16,0.4791666249999999,0.4791666249999999,0.4709439527133078,0.6089743111957335,0.4078129165032347,0.0477876512427341,2.0,158.0,17.0,True,False,False,False,True
35,representative_base,base_representative;high_composite,crustbench,crustbench-inversion-list,crustbench/crustbench-inversion-list,base_representative;high_composite,0.6693020781250001,0.7293020781250001,easy,0.2708333125,1.0,0.484375,0.87,16,0.7291666875,0.7291666875,0.3947353334919042,0.854460171374364,0.34136489430339023,0.05585997457894287,1.0,50.0,7.0,True,False,False,False,True
36,representative_base,base_representative;high_composite,hle,hle/hle__671f1f4ae38f776acdad8a77,hle/hle/hle__671f1f4ae38f776acdad8a77,base_representative;high_composite,0.6681031819586036,0.7281031819586037,medium,0.5,1.0,0.18205128205128204,0.9839357429718876,16,0.5,0.5,0.4714045355224375,0.6624169409969701,0.40947973147548544,0.0361254171450327,1.0,161.0,21.0,True,False,False,False,True
37,representative_base,base_representative;high_composite,aa-lcr,aa-lcr/aa-lcr-29,aa-lcr/aa-lcr/aa-lcr-29,base_representative;high_composite,0.6666606117625725,0.7266606117625725,medium,0.35416662499999996,1.0,0.3670212765957447,0.9090909090909091,16,0.645833375,0.645833375,0.4161455261784744,0.7058481211813432,0.3335552222261636,0.14688539949987722,1.0,60.0,9.0,True,False,False,False,True
38,representative_base,base_representative;high_composite,bixbench,bix-35-q4,bixbench/bix-35-q4,base_representative;high_composite,0.6627051334134615,0.7227051334134615,medium,0.4166666875,0.9743589743589743,0.28205128205128205,0.98,16,0.5833333125,0.5833333125,0.4487637610084674,0.6489728595162516,0.36301682627809206,0.16588942312690758,2.0,29.0,1.0,True,False,False,False,True
39,representative_base,base_representative;high_composite,reasoning-gym,reasoning-gym-algorithmic-jugs-hard0292e21f-seed45-1,reasoning-gym/reasoning-gym-algorithmic-jugs-hard0292e21f-seed45-1,base_representative;high_composite,0.6623734962797618,0.7223734962797619,easy,0.24999993749999994,1.0,0.46095238095238095,0.8975694444444444,16,0.7500000625000001,0.7500000625000001,0.3818812942743904,0.6314926217962263,0.35031436834743485,0.05654353463409134,1.0,284.0,67.0,True,False,False,False,True
40,representative_base,base_representative;high_composite,aime,aime_81,aime/aime_81,base_representative;high_composite,0.6588112588848039,0.7188112588848039,medium,0.31249993749999994,1.0,0.3627450980392157,0.9333333333333333,16,0.6875000625000001,0.6875000625000001,0.381312623499811,0.5198262845498096,0.29431918215770136,0.06474054361276671,1.0,33.0,7.0,True,False,False,False,True
41,representative_base,base_representative;high_composite,spider2,quickbooks002,spider2/quickbooks002,base_representative;high_composite,0.657855907986111,0.7178559079861111,medium,0.3541666875,1.0,0.3194444444444444,0.9296875,16,0.6458333125,0.6458333125,0.4325112705259423,0.7658031504669961,0.3802802992048898,0.11242911209733342,1.0,25.0,7.0,True,False,False,False,True
42,representative_base,base_representative;high_composite,mmau,760e99b1-09aa-479b-b90d-c3c581076e0d,mmau/760e99b1-09aa-479b-b90d-c3c581076e0d,base_representative;high_composite,0.6562193171359889,0.716219317135989,easy,0.2708333125,1.0,0.45604395604395603,0.83,16,0.7291666875,0.7291666875,0.3947353334919042,0.8499996487607757,0.2547886505895937,0.10031546936673263,1.0,51.0,1.0,True,False,False,False,True
43,representative_base,base_representative;high_composite,widesearch,widesearch/widesearch-ws-zh-033,widesearch/widesearch/widesearch-ws-zh-033,base_representative;high_composite,0.6541732187499999,0.7141732187499998,medium,0.332692875,1.0,0.29,0.99,16,0.667307125,0.667307125,0.3738443434206399,0.8125954970702873,0.3346027537265068,0.08161804355293523,1.0,72.0,11.0,True,False,False,False,True
44,representative_base,base_representative,gpqa-diamond,138,gpqa-diamond/138,base_representative,0.6527383538893772,0.7127383538893772,easy,0.29166662499999996,0.994475138121547,0.4088397790055249,0.8636363636363636,16,0.708333375,0.708333375,0.3886408072801406,0.8565335058722113,0.3538034145683369,0.056415238873793405,2.0,108.0,35.0,True,False,False,False,False
45,representative_base,base_representative;high_composite,ineqmath,78,ineqmath/78,base_representative;high_composite,0.6520520833333333,0.7120520833333333,easy,0.1875,1.0,0.5677083333333334,0.755,16,0.8125,0.8125,0.3529390685530931,0.0900674991579499,0.28247741946318045,0.04737119239438714,1.0,42.0,6.0,True,False,False,False,True
46,representative_base,base_representative;high_composite,omnimath,omnimath_3248,omnimath/omnimath_3248,base_representative;high_composite,0.65201040625,0.7120104062499999,medium,0.41666662499999996,0.99375,0.203125,0.995,16,0.583333375,0.583333375,0.4639803710527357,0.6872203809739799,0.39354878770652735,0.014525252171088798,2.0,128.0,28.0,True,False,False,False,True
47,representative_base,base_representative;high_composite,quixbugs,quixbugs-python-next_permutation,quixbugs/quixbugs-python-next_permutation,base_representative;high_composite,0.6506249999999999,0.7106249999999998,easy,0.1875,1.0,0.45625,0.93125,16,0.8125,0.8125,0.3903123748998999,0.845028459107855,0.3447972263234871,0.024209279012405438,1.0,45.0,7.0,True,False,False,False,True
48,representative_base,base_representative;high_composite,financeagent_terminal,financeagent-26,financeagent_terminal/financeagent-26,base_representative;high_composite,0.6503749947916666,0.7103749947916667,medium,0.4583333125,0.9791666666666666,0.20833333333333334,0.94,16,0.5416666875,0.5416666875,0.4545296924508506,0.7238275067286984,0.4106711055884645,0.049125455955295716,2.0,39.0,1.0,True,False,False,False,True
49,representative_base,base_representative;high_composite,omnimath,omnimath_3346,omnimath/omnimath_3346,base_representative;high_composite,0.6497395781249999,0.709739578125,medium,0.3958333125,1.0,0.203125,1.0,16,0.6041666875,0.6041666875,0.4746160756557239,0.6773935913830674,0.40825276293257423,0.014525252171088798,1.0,129.0,29.0,True,False,False,False,True
50,representative_base,base_representative,swe-lancer,41340-manager-0,swe-lancer/41340-manager-0,base_representative,0.6447092094414894,0.7047092094414893,medium,0.41666662499999996,1.0,0.18617021276595744,0.96,16,0.583333375,0.583333375,0.4330127259485099,0.7595098914781897,0.35817901408114283,0.1049387438215561,1.0,78.0,21.0,True,False,False,False,False
51,representative_base,base_representative,pixiu,pixiu-travel-travel000011,pixiu/pixiu-travel-travel000011,base_representative,0.6434985736350575,0.7034985736350574,medium,0.39583337500000004,0.9885057471264368,0.23563218390804597,0.9310344827586207,16,0.604166625,0.604166625,0.4284784550690494,0.7118492331426399,0.3485835606166507,0.07021676057222614,2.0,68.0,18.0,True,False,False,False,False
52,representative_base,base_representative,codepde,codepde-burgers,codepde/codepde-burgers,base_representative,0.6416666718749999,0.701666671875,medium,0.5416666875,0.75,0.375,1.0,16,0.4583333125,0.4583333125,0.388640854185088,0.1667220858805043,0.18646376013560287,0.4246444583267913,2.0,3.0,3.0,True,False,False,False,False
53,representative_base,base_representative;high_composite,gaia,ed58682d-bc52-4baa-9eb0-4eb81e1edacc,gaia/ed58682d-bc52-4baa-9eb0-4eb81e1edacc,base_representative;high_composite,0.6415870540406051,0.7015870540406051,medium,0.4166666875,1.0,0.14968152866242038,1.0,16,0.5833333125,0.5833333125,0.4787135647580292,0.7084739703074342,0.4199054973651443,0.05661891162570187,1.0,135.0,19.0,True,False,False,False,True
54,representative_base,base_representative;high_composite,simpleqa,simpleqa-221,simpleqa/simpleqa-221,base_representative;high_composite,0.640370753507653,0.7003707535076531,easy,0.2916666875,1.0,0.29081632653061223,0.965,16,0.7083333125,0.7083333125,0.4389855908322502,0.6516988910370569,0.33647513764633813,0.036709876672980424,1.0,140.0,22.0,True,False,False,False,True
55,representative_base,base_representative;high_composite,gaia2,gaia2-cli/0057_mdv6vvycdzxucjedlzt3nbrq7iu116ew,gaia2/gaia2-cli/0057_mdv6vvycdzxucjedlzt3nbrq7iu116ew,base_representative;high_composite,0.6377293037771324,0.6977293037771324,medium,0.5208334375,1.0,0.05384615384615385,0.9603960396039604,16,0.4791665625,0.4791665625,0.4147524532918655,0.5844412045841851,0.36273642201201756,0.04077430077101829,1.0,62.0,15.0,True,False,False,False,True
56,representative_base,base_representative;high_composite,medagentbench,task1_28,medagentbench/task1_28,base_representative;high_composite,0.6327678727678572,0.6927678727678572,medium,0.31250006250000006,1.0,0.2785714285714286,0.9,16,0.6874999374999999,0.6874999374999999,0.3813126849651196,0.8367614725375805,0.3379115771342251,0.05483698478358279,1.0,52.0,6.0,True,False,False,False,True
57,representative_base,base_representative;high_composite,sldbench,vocab_scaling_law,sldbench/vocab_scaling_law,base_representative;high_composite,0.632314828125,0.692314828125,easy,0.26675931249999996,0.875,0.4375,1.0,16,0.7332406875,0.7332406875,0.3391962978709228,0.7705255442688866,0.2835305711484396,0.09813767145621077,2.0,6.0,1.0,True,False,False,False,True
58,representative_base,base_representative;high_composite,swtbench,sympy__sympy-17630,swtbench/sympy__sympy-17630,base_representative;high_composite,0.6295254945790816,0.6895254945790816,medium,0.37499993749999994,0.9795918367346939,0.1836734693877551,0.98,16,0.6250000625000001,0.6250000625000001,0.4389855789677874,0.7693506754506044,0.3757712461501852,0.1414718683485131,2.0,41.0,2.0,True,False,False,False,True
59,representative_base,base_representative;high_composite,bixbench,bix-61-q2,bixbench/bix-61-q2,base_representative;high_composite,0.6290064102564102,0.6890064102564102,medium,0.375,1.0,0.14102564102564102,1.0,16,0.625,0.625,0.4545296867214781,0.7516407266104076,0.3648977297972108,0.09808770213204598,1.0,34.0,4.0,True,False,False,False,True
60,representative_base,base_representative;high_composite,simpleqa,simpleqa-2203,simpleqa/simpleqa-2203,base_representative;high_composite,0.6281207378826531,0.688120737882653,easy,0.29166662499999996,0.9948979591836735,0.2729591836734694,0.925,16,0.708333375,0.708333375,0.4228704777733182,0.5115927063098586,0.32691661390290233,0.03290372294216015,2.0,143.0,29.0,True,False,False,False,True
61,representative_base,base_representative,terminal-bench,feal-differential-cryptanalysis,terminal-bench/feal-differential-cryptanalysis,base_representative,0.62784678558828,0.6878467855882799,medium,0.4166666875,0.9879518072289156,0.13855421686746988,0.9550561797752809,16,0.5833333125,0.5833333125,0.4487637610084674,0.7495096618042183,0.3983172615529758,0.0429246165090057,2.0,72.0,17.0,True,False,False,False,False
62,representative_base,base_representative,aider-polyglot,polyglot_python_food-chain,aider-polyglot/polyglot_python_food-chain,base_representative,0.6275433478742458,0.6875433478742459,medium,0.37499993750000005,1.0,0.22850678733031674,0.8444444444444444,16,0.6250000625,0.6250000625,0.4389855789677875,0.7589333397863389,0.39847719049304786,0.02866634426164083,1.0,172.0,59.0,True,False,False,False,False
63,representative_base,base_representative;high_composite,cybergym,cybergym_arvo_24993,cybergym/cybergym_arvo_24993,base_representative;high_composite,0.6270833124999999,0.6870833125,easy,0.20833325000000003,1.0,0.3,1.0,16,0.79166675,0.79166675,0.3307188823860644,0.8953213966497895,0.2806508002777989,0.09523791383226465,1.0,8.0,2.0,True,False,False,False,True
64,representative_base,base_representative,terminal-bench,sqlite-db-truncate,terminal-bench/sqlite-db-truncate,base_representative,0.6267300893271118,0.6867300893271118,medium,0.3958333125,1.0,0.1144578313253012,0.9943820224719101,16,0.6041666875,0.6041666875,0.4746160756557239,0.7272539941210229,0.40629575311897465,0.03773358048019959,1.0,75.0,19.0,True,False,False,False,False
65,representative_base,base_representative;high_composite,mmmlu,mmmlu-bn-bd-00012,mmmlu/mmmlu-bn-bd-00012,base_representative;high_composite,0.6265298507462687,0.6865298507462687,medium,0.5,0.9626865671641791,0.07835820895522388,0.9666666666666667,16,0.5,0.5,0.5,0.0378334473840963,0.4907402182140089,0.0,1.0,115.0,6.0,True,False,False,False,True
66,representative_base,base_representative;high_composite,mmmlu,mmmlu-bn-bd-00014,mmmlu/mmmlu-bn-bd-00014,base_representative;high_composite,0.6265298507462687,0.6865298507462687,medium,0.5,0.9626865671641791,0.07835820895522388,0.9666666666666667,16,0.5,0.5,0.5,0.0378334473840963,0.4907402182140089,0.0,2.0,116.0,7.0,True,False,False,False,True
67,representative_base,base_representative;high_composite,research-code-bench,diff-transformer_re-parameterize_lambda,research-code-bench/diff-transformer_re-parameterize_lambda,base_representative;high_composite,0.6262446903091968,0.6862446903091968,medium,0.5,0.9162303664921466,0.16753926701570682,0.9245283018867925,16,0.5,0.5,0.5,0.0378334473840963,0.45832948236308185,0.0,1.0,131.0,10.0,True,False,False,False,True
68,representative_base,base_representative;high_composite,research-code-bench,diffusiondpo_calculate_reference_losses,research-code-bench/diffusiondpo_calculate_reference_losses,base_representative;high_composite,0.6262446903091968,0.6862446903091968,medium,0.5,0.9162303664921466,0.16753926701570682,0.9245283018867925,16,0.5,0.5,0.5,0.0378334473840963,0.45832948236308185,0.0,2.0,132.0,11.0,True,False,False,False,True
69,representative_base,base_representative;high_composite,dacode,dacode-dm-csv-043,dacode/dacode-dm-csv-043,base_representative;high_composite,0.6241921581554877,0.6841921581554877,easy,0.28525643749999996,0.9939024390243902,0.2530487804878049,0.945,16,0.7147435625,0.7147435625,0.4288528895330788,0.8050332552698195,0.33452629581725074,0.031703669360245934,2.0,124.0,26.0,True,False,False,False,True
70,representative_base,base_representative,skillsbench,lean4-proof,skillsbench/lean4-proof,base_representative,0.6236097796146868,0.6836097796146867,medium,0.3958333125,1.0,0.11029411764705882,0.9805194805194806,16,0.6041666875,0.6041666875,0.4443902062174242,0.7261007283403454,0.3616696793750709,0.10480047573689011,1.0,61.0,15.0,True,False,False,False,False
71,representative_base,base_representative;high_composite,strongreject,strongreject_disinformation_and_deception_0045_pap_logical_appeal,strongreject/strongreject_disinformation_and_deception_0045_pap_logical_appeal,base_representative;high_composite,0.6167846305147059,0.6767846305147058,easy,0.13802087500000004,0.9852941176470589,0.3897058823529412,0.9333333333333333,16,0.861979125,0.861979125,0.318252242412146,-0.1436643527481436,0.26050840204776987,0.02561647369010822,2.0,42.0,13.0,True,False,False,False,True
72,representative_base,base_representative,dacode,dacode-dm-csv-054,dacode/dacode-dm-csv-054,base_representative,0.6161636230945122,0.6761636230945123,easy,0.22916668750000002,1.0,0.2804878048780488,0.925,16,0.7708333125,0.7708333125,0.4034357878223495,0.8473814113044901,0.35323819466344414,0.03390823306840607,1.0,119.0,33.0,True,False,False,False,False
73,representative_base,base_representative,gaia2,gaia2-cli/0303_a4r2s3358vo2oaf5boi4xjoik93mwob2,gaia2/gaia2-cli/0303_a4r2s3358vo2oaf5boi4xjoik93mwob2,base_representative,0.6152662373619573,0.6752662373619573,easy,0.29166662499999996,0.9846153846153847,0.23846153846153847,0.9207920792079208,16,0.708333375,0.708333375,0.3886408072801406,0.8098196156254104,0.33426980438619175,0.06864519179093798,2.0,51.0,19.0,True,False,False,False,False
74,representative_base,base_representative,swebenchpro,instance_internetarchive__openlibrary-3c48b4bb782189e0858e6c3fc7956046cf3e1cfb-v2d9a6c849c60ed19fd0858ce9e40b7cc8e097e59,swebenchpro/instance_internetarchive__openlibrary-3c48b4bb782189e0858e6c3fc7956046cf3e1cfb-v2d9a6c849c60ed19fd0858ce9e40b7cc8e097e59,base_representative,0.6131993243243243,0.6731993243243244,medium,0.3125,0.9864864864864865,0.21621621621621623,0.905,16,0.6875,0.6875,0.4325112554733403,0.7703169049560663,0.4065085913345105,0.04722411037019225,2.0,59.0,18.0,True,False,False,False,False
75,representative_base,base_representative;high_composite,swtbench,matplotlib__matplotlib-24177,swtbench/matplotlib__matplotlib-24177,base_representative;high_composite,0.6130237991071428,0.6730237991071428,medium,0.41666662499999996,1.0,0.07142857142857142,0.94,16,0.583333375,0.583333375,0.4330127259485099,0.7192462705275864,0.3798350510625859,0.11697841610112147,1.0,47.0,7.0,True,False,False,False,True
76,representative_base,base_representative,livecodebench,abc348_d,livecodebench/abc348_d,base_representative,0.612239578125,0.6722395781249999,easy,0.20833331249999998,0.9947916666666666,0.3229166666666667,0.875,16,0.7916666875,0.7916666875,0.3886407871780056,0.6769039122217682,0.33942788360281856,2.220446049250313e-16,1.0,69.0,23.0,True,False,False,False,False
77,representative_base,base_representative,livecodebench,abc377_g,livecodebench/abc377_g,base_representative,0.612239578125,0.6722395781249999,easy,0.20833331249999998,0.9947916666666666,0.3229166666666667,0.875,16,0.7916666875,0.7916666875,0.3886407871780056,0.6769039122217682,0.33942788360281856,2.220446049250313e-16,2.0,71.0,24.0,True,False,False,False,False
78,representative_base,base_representative;high_composite,compilebench,curl-ssl-arm64-static2,compilebench/curl-ssl-arm64-static2,base_representative;high_composite,0.6095833229166667,0.6695833229166668,easy,0.29166662499999996,0.9333333333333333,0.3,0.9,16,0.708333375,0.708333375,0.3886408072801406,0.8052249355609673,0.3422256889466963,0.04597691636944601,2.0,12.0,2.0,True,False,False,False,True
79,representative_base,base_representative,bigcodebench,bigcodebench_108,bigcodebench/bigcodebench_108,base_representative,0.6091166312029122,0.6691166312029122,easy,0.27083337500000004,0.9915966386554622,0.3739495798319328,0.6724137931034483,16,0.729166625,0.729166625,0.3378599803461256,0.7957935240161149,0.2718388402802321,0.15189043984357264,2.0,75.0,36.0,True,False,False,False,False
80,representative_base,base_representative,swebench-verified,pydata__xarray-6721,swebench-verified/pydata__xarray-6721,base_representative,0.6078962609707447,0.6678962609707446,medium,0.31249993749999994,1.0,0.21808510638297873,0.835,16,0.6875000625000001,0.6875000625000001,0.4161455042760688,0.7497272679476443,0.38288878264569676,0.03508775306696932,1.0,75.0,17.0,True,False,False,False,False
81,representative_base,base_representative,mmau,6aee68bf-6629-442b-981d-ae8195597c8e,mmau/6aee68bf-6629-442b-981d-ae8195597c8e,base_representative,0.6010247252747253,0.6610247252747252,easy,0.125,0.989010989010989,0.5164835164835165,0.63,16,0.875,0.875,0.3307189138830738,0.5642281850539947,0.24797351149291172,0.1175021813734144,2.0,45.0,17.0,True,False,False,False,False
82,representative_base,base_representative,swebench-verified,scikit-learn__scikit-learn-9288,swebench-verified/scikit-learn__scikit-learn-9288,base_representative,0.6003953796542554,0.6603953796542554,easy,0.29166662499999996,0.9893617021276596,0.19680851063829788,0.88,16,0.708333375,0.708333375,0.4228704777733182,0.715301976495278,0.3820332373539755,0.03435975155993687,2.0,77.0,20.0,True,False,False,False,False
83,representative_base,base_representative;high_composite,aime,aime_73,aime/aime_73,base_representative;high_composite,0.5996078275122548,0.6596078275122548,easy,0.24999993749999994,0.9803921568627451,0.20588235294117646,0.95,16,0.7500000625000001,0.7500000625000001,0.3818812942743904,0.5068996322278089,0.2914454027722467,0.02899161314289944,2.0,41.0,8.0,True,False,False,False,True
84,representative_base,base_representative,usaco,111,usaco/111,base_representative,0.5994406513573232,0.6594406513573232,easy,0.2708333125,0.98989898989899,0.20707070707070707,0.89,16,0.7291666875,0.7291666875,0.4284784094862188,0.3901245351526698,0.37494631663229877,0.016583143593962513,2.0,79.0,20.0,True,False,False,False,False
85,representative_base,base_representative,quixbugs,quixbugs-python-find_in_sorted,quixbugs/quixbugs-python-find_in_sorted,base_representative,0.599270828125,0.6592708281249999,easy,0.14583331249999998,0.9875,0.41875,0.75,16,0.8541666875,0.8541666875,0.3326816428972898,0.9049378408299864,0.3275445091507738,0.006878128949612816,2.0,47.0,14.0,True,False,False,False,False
86,representative_base,base_representative,usaco,132,usaco/132,base_representative,0.5954797979797979,0.6554797979797979,easy,0.25,1.0,0.1919191919191919,0.9,16,0.75,0.75,0.4330127018922193,0.407302853674784,0.3787089851856751,0.016130055554108402,1.0,81.0,24.0,True,False,False,False,False
87,representative_base,base_representative,lawbench,lawbench-3-4-13-zero-shot,lawbench/lawbench-3-4-13-zero-shot,base_representative,0.5910689422825561,0.6510689422825562,medium,0.32710312500000005,0.9943502824858758,0.06497175141242938,0.9668508287292817,16,0.672896875,0.672896875,0.3324816294870431,0.7342376211414133,0.2618704082724688,0.015647118797953774,2.0,166.0,38.0,True,False,False,False,False
88,representative_base,base_representative;high_composite,financeagent_terminal,financeagent-29,financeagent_terminal/financeagent-29,base_representative;high_composite,0.5909791510416667,0.6509791510416667,medium,0.37499993749999994,1.0,0.07291666666666667,0.86,16,0.6250000625000001,0.6250000625000001,0.4389855789677875,0.7812256647813419,0.4142672104534219,0.029566148966273076,1.0,45.0,8.0,True,False,False,False,True
89,representative_base,base_representative,gso,gso-pandas-dev--pandas-45f0705,gso/gso-pandas-dev--pandas-45f0705,base_representative,0.5907598039215687,0.6507598039215687,medium,0.375,0.9888888888888889,0.03888888888888889,0.9411764705882353,16,0.625,0.625,0.4228705147231833,0.7907225506935814,0.39622532191077364,0.017614960038570993,2.0,87.0,34.0,True,False,False,False,False
90,representative_base,base_representative,lawbench,lawbench-3-5-3-zero-shot,lawbench/lawbench-3-5-3-zero-shot,base_representative,0.5901623230395714,0.6501623230395714,medium,0.30230737500000004,1.0,0.06497175141242938,0.988950276243094,16,0.697692625,0.697692625,0.3508414069078924,0.7245897735978679,0.2726786701539698,0.015647118797953774,1.0,167.0,40.0,True,False,False,False,False
91,representative_base,base_representative,deepsynth,69,deepsynth/69,base_representative,0.5877281607142857,0.6477281607142857,medium,0.3680555,1.0,0.04285714285714286,0.9,16,0.6319445,0.6319445,0.4404661435469529,0.7916522301698927,0.4034445133938319,0.0377797290130345,1.0,35.0,12.0,True,False,False,False,False
92,representative_base,base_representative,bigcodebench,bigcodebench_511,bigcodebench/bigcodebench_511,base_representative,0.5868793465662127,0.6468793465662126,easy,0.1875,1.0,0.31932773109243695,0.7344827586206897,16,0.8125,0.8125,0.3529390685530931,0.7971429813399151,0.3080174137895651,0.11587686032820788,1.0,82.0,44.0,True,False,False,False,False
93,representative_base,base_representative,widesearch,widesearch/widesearch-ws-zh-018,widesearch/widesearch/widesearch-ws-zh-018,base_representative,0.58051228125,0.6405122812499999,medium,0.33604912499999995,0.99,0.03,0.95,16,0.663950875,0.663950875,0.3525151869595257,0.8686306125904054,0.32523253149182485,0.0310279877717633,2.0,98.0,21.0,True,False,False,False,False
94,representative_base,base_representative,spreadsheetbench,59639,spreadsheetbench/59639,base_representative,0.5802236342474489,0.640223634247449,easy,0.2708333125,0.9948979591836735,0.13520408163265307,0.87,16,0.7291666875,0.7291666875,0.4284784094862188,0.8252534217729248,0.3685012791734778,0.016583143593962513,2.0,171.0,44.0,True,False,False,False,False
95,representative_base,base_representative,aa-lcr,aa-lcr/aa-lcr-19,aa-lcr/aa-lcr/aa-lcr-19,base_representative,0.5800390668520309,0.6400390668520308,easy,0.27083325,0.9893617021276596,0.19148936170212766,0.7878787878787878,16,0.72916675,0.72916675,0.3767320970088526,0.8246940400209545,0.32518314313639757,0.07021360998493387,2.0,77.0,19.0,True,False,False,False,False
96,representative_base,base_representative,sldbench,sft_scaling_law,sldbench/sft_scaling_law,base_representative,0.578358953125,0.638358953125,easy,0.20093581250000003,1.0,0.1875,0.875,16,0.7990641875,0.7990641875,0.3214750113109919,0.8610738202132511,0.28571448072848066,0.08126021510190495,1.0,8.0,3.0,True,False,False,False,False
97,representative_base,base_representative,swebenchpro,instance_navidrome__navidrome-09ae41a2da66264c60ef307882362d2e2d8d8b89,swebenchpro/instance_navidrome__navidrome-09ae41a2da66264c60ef307882362d2e2d8d8b89,base_representative,0.5761328724662161,0.6361328724662161,easy,0.29166662499999996,1.0,0.11486486486486487,0.83,16,0.708333375,0.708333375,0.4228704777733182,0.8299521257559546,0.41036375288954957,0.033805183251483184,1.0,66.0,30.0,True,False,False,False,False
98,representative_base,base_representative,deepsynth,13,deepsynth/13,base_representative,0.5757142700892858,0.6357142700892857,medium,0.37499993750000005,0.9714285714285714,0.04285714285714286,0.875,16,0.6250000625,0.6250000625,0.4389855789677875,0.7738913418530174,0.3885508876218945,0.0377797290130345,2.0,34.0,15.0,True,False,False,False,False
99,representative_base,base_representative,bfcl,bfcl-simple-python-265,bfcl/bfcl-simple-python-265,base_representative,0.5680992026266416,0.6280992026266417,easy,0.125,0.9903846153846154,0.34134615384615385,0.6991869918699187,16,0.875,0.875,0.2856522993275653,0.6318960460384236,0.24382152814887484,0.047895587960823605,2.0,70.0,31.0,True,False,False,False,False
100,representative_base,base_representative,bfcl,bfcl-simple-python-282,bfcl/bfcl-simple-python-282,base_representative,0.5669696007856473,0.6269696007856473,easy,0.14583337500000004,1.0,0.3269230769230769,0.6585365853658537,16,0.854166625,0.854166625,0.2626984468137552,0.566965707508442,0.24458903471950783,0.04757571478918121,1.0,71.0,32.0,True,False,False,False,False
101,representative_base,base_representative,swebench-multilingual,swe-bench/swebench_multilingual__redis__redis-11631,swebench-multilingual/swe-bench/swebench_multilingual__redis__redis-11631,base_representative,0.5529374947916667,0.6129374947916666,easy,0.2708333125,1.0,0.07291666666666667,0.78,16,0.7291666875,0.7291666875,0.4284784094862188,0.7121038153486976,0.4099832970276281,0.016583143593962513,1.0,46.0,14.0,True,False,False,False,False
102,representative_base,base_representative,qcircuitbench,deutsch_jozsa-n8,qcircuitbench/deutsch_jozsa-n8,base_representative,0.5521383928571428,0.6121383928571429,easy,0.193125,0.96,0.2,0.7857142857142857,16,0.806875,0.806875,0.3882125505119586,0.7280038322085411,0.31745103714310136,0.09048686208317658,2.0,21.0,9.0,True,False,False,False,False
103,representative_base,base_representative,ineqmath,39,ineqmath/39,base_representative,0.54675,0.6067499999999999,easy,0.125,0.984375,0.296875,0.645,16,0.875,0.875,0.3307189138830738,0.1029918197022855,0.27395500529738737,3.3306690738754696e-16,2.0,67.0,21.0,True,False,False,False,False
104,representative_base,base_representative,medagentbench,task4_5,medagentbench/task4_5,base_representative,0.5449762008928571,0.6049762008928572,easy,0.20833337500000004,0.9857142857142858,0.07857142857142857,0.855,16,0.791666625,0.791666625,0.3703414856213578,0.8052732142534309,0.3072635868533566,0.03778439577909043,2.0,66.0,27.0,True,False,False,False,False
105,representative_base,base_representative,swebench-multilingual,swe-bench/swebench_multilingual__laravel__framework-53949,swebench-multilingual/swe-bench/swebench_multilingual__laravel__framework-53949,base_representative,0.542875,0.602875,easy,0.25,0.96875,0.03125,0.89,16,0.75,0.75,0.4330127018922193,0.7047362788431745,0.40270186507854766,0.0,2.0,47.0,15.0,True,False,False,False,False
106,representative_base,base_representative,humanevalfix,python-132,humanevalfix/python-132,base_representative,0.5347252060143671,0.5947252060143671,easy,0.08333331249999998,0.9869281045751634,0.10130718954248366,0.9542682926829268,16,0.9166666875,0.9166666875,0.2499999791666788,0.8044052260184724,0.2428756785623004,0.0,1.0,129.0,28.0,True,False,False,False,False
107,representative_base,base_representative,humanevalfix,python-152,humanevalfix/python-152,base_representative,0.5347252060143671,0.5947252060143671,easy,0.08333331249999998,0.9869281045751634,0.10130718954248366,0.9542682926829268,16,0.9166666875,0.9166666875,0.2499999791666788,0.8044052260184724,0.2428756785623004,0.0,2.0,136.0,29.0,True,False,False,False,False
108,representative_base,base_representative,cybergym,cybergym_arvo_47101,cybergym/cybergym_arvo_47101,base_representative,0.46854167187499995,0.528541671875,easy,0.10416668750000002,0.9,0.15,0.6,16,0.8958333125,0.8958333125,0.2818281511326359,0.7963466425841931,0.23337190232659386,0.022102125303032683,2.0,10.0,7.0,True,False,False,False,False
109,diverse_fill,unique_unpredictable;high_composite,bfcl,bfcl-live-simple-123-79-0,bfcl/bfcl-live-simple-123-79-0,unique_unpredictable;high_composite,0.881785516973499,0.9217855169734991,medium,0.5833334375,0.9807692307692307,1.0,0.9512195121951219,16,0.4166665625,0.4166665625,0.4166666875000281,0.5712352404801807,0.21889191400418134,0.39731569012514967,3.0,1.0,1.0,False,False,False,True,True
110,diverse_fill,difficult;unique_unpredictable;high_composite,reasoning-gym,reasoning-gym-games-knight-swap-easy00cea0a5-seed45-1,reasoning-gym/reasoning-gym-games-knight-swap-easy00cea0a5-seed45-1,difficult;unique_unpredictable;high_composite,0.8044828764880952,0.8844828764880953,hard,0.729166625,0.7523809523809524,0.960952380952381,0.7907986111111112,16,0.270833375,0.270833375,0.3378599803461256,0.4108616646460186,0.15880370987382844,0.3093566907103976,131.0,22.0,5.0,False,True,False,True,True
111,diverse_fill,difficult;unique_unpredictable;high_composite,gaia2,gaia2-cli/0571_1k1ppcoxefgravh34lzycqi20saehz8r,gaia2/gaia2-cli/0571_1k1ppcoxefgravh34lzycqi20saehz8r,difficult;unique_unpredictable;high_composite,0.7887653961705064,0.8687653961705065,hard,0.7291666875,0.6923076923076923,0.8923076923076924,0.9405940594059405,16,0.2708333125,0.2708333125,0.3947353334919042,0.457452047772962,0.24549354211654653,0.27981731868261517,21.0,8.0,1.0,False,True,False,True,True
112,diverse_fill,unique_unpredictable;high_composite,kumo,wildlifeenv-t4-a6-v1-s0,kumo/wildlifeenv-t4-a6-v1-s0,unique_unpredictable;high_composite,0.8280128309294872,0.8680128309294872,medium,0.583333375,0.841025641025641,0.9512820512820512,1.0,16,0.416666625,0.416666625,0.43301272594851,0.5784261828876935,0.1929035579406578,0.26943617911919104,32.0,11.0,1.0,False,False,False,True,True
113,diverse_fill,unique_unpredictable;high_composite,aime,aime_i-14,aime/aime_i-14,unique_unpredictable;high_composite,0.8209558667279412,0.8609558667279412,medium,0.6249999375000002,0.7843137254901961,0.9607843137254902,1.0,16,0.3750000624999999,0.3750000624999999,0.4061164930199322,0.2212840087631969,0.20920454429345411,0.33294340102173425,12.0,3.0,1.0,False,False,False,True,True
114,diverse_fill,difficult;unique_unpredictable;high_composite,gpqa-diamond,113,gpqa-diamond/113,difficult;unique_unpredictable;high_composite,0.7774234053239578,0.8574234053239579,hard,0.75,0.6795580110497238,0.8674033149171271,0.9015151515151515,16,0.25,0.25,0.3996526443189448,0.3981706674773025,0.17504687663800805,0.27643198563505345,59.0,25.0,1.0,False,True,False,True,True
115,diverse_fill,difficult;unique_unpredictable;high_composite,algotune,algotune-two-eigenvalues-around-0,algotune/algotune-two-eigenvalues-around-0,difficult;unique_unpredictable;high_composite,0.759613740327381,0.8396137403273811,hard,0.7146454375000001,0.7142857142857143,0.8095238095238095,0.8571428571428571,16,0.2853545624999999,0.2853545624999999,0.3081698967860441,0.4880963609725678,0.15705360737342536,0.2960454196837198,37.0,25.0,3.0,False,True,False,True,True
116,diverse_fill,unique_unpredictable;high_composite,featurebench-modal,linkedin__liger-kernel.c856fbab.test_poly_norm.7b0e3399.lv1,featurebench-modal/linkedin__liger-kernel.c856fbab.test_poly_norm.7b0e3399.lv1,unique_unpredictable;high_composite,0.798335498960499,0.8383354989604991,medium,0.5625,0.8910256410256411,0.8044871794871795,0.9648648648648649,16,0.4375,0.4375,0.436506840979898,0.4908610181232071,0.2998419883232027,0.16367263890096895,18.0,31.0,1.0,False,False,False,True,True
117,diverse_fill,unique_unpredictable;high_composite,arc-agi-2,b10624e5_0,arc-agi-2/b10624e5_0,unique_unpredictable;high_composite,0.7871403560855263,0.8271403560855264,medium,0.6666666875,0.8842105263157894,0.8,0.74,16,0.3333333125,0.3333333125,0.4249183091424336,0.5227120183941272,0.3774424157011184,0.09181021736294503,12.0,20.0,2.0,False,False,False,True,True
118,diverse_fill,difficult;unique_unpredictable;high_composite,omnimath,omnimath_4155,omnimath/omnimath_4155,difficult;unique_unpredictable;high_composite,0.74327084375,0.82327084375,hard,0.708333375,0.65,0.86875,0.81,16,0.2916666249999999,0.2916666249999999,0.3510896084968685,0.4036279542026391,0.15747149152838796,0.29197144447773393,57.0,22.0,5.0,False,True,False,True,True
119,diverse_fill,difficult;unique_unpredictable;high_composite,pixiu,pixiu-smcikm-cikmsm3831,pixiu/pixiu-smcikm-cikmsm3831,difficult;unique_unpredictable;high_composite,0.740409487966954,0.8204094879669541,hard,0.7291666875,0.5977011494252874,0.896551724137931,0.8318965517241379,16,0.2708333125,0.2708333125,0.3578242859534409,0.3044052685618552,0.15371019591100527,0.32217257415563594,36.0,10.0,3.0,False,True,False,True,True
120,diverse_fill,unique_unpredictable;high_composite,crustbench,crustbench-rhbloom,crustbench/crustbench-rhbloom,unique_unpredictable;high_composite,0.7765625052083334,0.8165625052083334,medium,0.4166666875,0.875,0.8645833333333334,1.0,16,0.5833333125,0.5833333125,0.4787135647580292,0.6779617677520217,0.3222897079472215,0.18615858980315114,13.0,14.0,1.0,False,False,False,True,True
121,diverse_fill,unique_unpredictable;high_composite,lawbench,lawbench-1-1-3-zero-shot,lawbench/lawbench-1-1-3-zero-shot,unique_unpredictable;high_composite,0.775281661907521,0.815281661907521,medium,0.506551625,0.7740112994350282,0.9209039548022598,0.9834254143646409,16,0.493448375,0.493448375,0.350763381631741,0.7492286430075883,0.20736471669924245,0.15918643170274926,41.0,15.0,1.0,False,False,False,True,True
122,diverse_fill,difficult;high_composite,swe-lancer,25929-manager-0,swe-lancer/25929-manager-0,difficult;high_composite,0.7733253650265957,0.8133253650265957,hard,0.770833375,0.7978723404255319,0.7074468085106383,0.83,16,0.229166625,0.229166625,0.385838721614659,0.2237541422839896,0.21825700667397108,0.2799292128247368,20.0,28.0,3.0,False,True,False,False,True
123,diverse_fill,unique_unpredictable;high_composite,gaia,9e1fc53b-46ff-49a1-9d05-9e6faac34cc5,gaia/9e1fc53b-46ff-49a1-9d05-9e6faac34cc5,unique_unpredictable;high_composite,0.7716730758450348,0.8116730758450348,medium,0.5625000625000001,0.8407643312101911,0.8343949044585988,0.8545454545454545,16,0.4374999375,0.4374999375,0.4202967195509722,0.5740842298377521,0.3024568066172532,0.2825745001500478,26.0,27.0,1.0,False,False,False,True,True
124,diverse_fill,unique_unpredictable;high_composite,aider-polyglot,polyglot_python_pov,aider-polyglot/polyglot_python_pov,unique_unpredictable;high_composite,0.76752770451546,0.8075277045154601,medium,0.47916662499999996,0.8597285067873304,0.8619909502262444,0.8755555555555555,16,0.520833375,0.520833375,0.4404661652253887,0.6045797487541144,0.3376981123263232,0.1817697593838129,32.0,32.0,2.0,False,False,False,True,True
125,diverse_fill,unique_unpredictable;high_composite,swesmith,oauthlib__oauthlib.1fd52536.combine_file__bhkj2izg,swesmith/oauthlib__oauthlib.1fd52536.combine_file__bhkj2izg,unique_unpredictable;high_composite,0.7616332346535133,0.8016332346535133,medium,0.604166625,0.7721518987341772,0.8164556962025317,0.9081632653061225,16,0.395833375,0.395833375,0.4284784550690493,0.5254609864591315,0.2743636839867042,0.2614332067524545,19.0,16.0,2.0,False,False,False,True,True
126,diverse_fill,unique_unpredictable;high_composite,livecodebench,3779,livecodebench/3779,unique_unpredictable;high_composite,0.7606770833333334,0.8006770833333334,medium,0.375,0.8333333333333334,0.9010416666666666,1.0,16,0.625,0.625,0.4545296867214781,0.7032844295717452,0.2636458502923377,0.18770583444337985,17.0,11.0,1.0,False,False,False,True,True
127,diverse_fill,unique_unpredictable;high_composite,humanevalfix,python-142,humanevalfix/python-142,unique_unpredictable;high_composite,0.7594975490196079,0.7994975490196079,medium,0.3125,0.803921568627451,1.0,1.0,16,0.6875,0.6875,0.399109286063667,0.8358691551564963,0.21806021609979748,0.21045420762007805,31.0,1.0,1.0,False,False,False,True,True
128,diverse_fill,difficult;unique_unpredictable;high_composite,strongreject,strongreject_non-violent_crimes_0021_pap_logical_appeal,strongreject/strongreject_non-violent_crimes_0021_pap_logical_appeal,difficult;unique_unpredictable;high_composite,0.7168722426470588,0.7968722426470589,hard,0.8203125,0.45588235294117646,0.8529411764705882,0.9266666666666666,16,0.1796875,0.1796875,0.2948924054905449,-0.4269715138421351,0.10123828215591116,0.37583756761934684,38.0,11.0,3.0,False,True,False,True,True
129,diverse_fill,unique_unpredictable;high_composite,simpleqa,simpleqa-348,simpleqa/simpleqa-348,unique_unpredictable;high_composite,0.7518546074617347,0.7918546074617347,medium,0.37500006250000006,0.8673469387755102,0.8316326530612245,0.9775,16,0.6249999374999999,0.6249999374999999,0.4389856145612104,0.1721311249141805,0.2744674297751181,0.15784038336576778,27.0,34.0,1.0,False,False,False,True,True
130,diverse_fill,high_composite,replicationbench,galaxy_soptics__bcg_identification,replicationbench/galaxy_soptics__bcg_identification,high_composite,0.7888818617484177,0.7888818617484177,medium,0.6666666875,0.9746835443037974,0.5443037974683544,0.9666666666666667,16,0.3333333125,0.3333333125,0.4564354645876455,0.4261445074378695,0.3612216105474277,0.14284053408955755,3.0,37.0,1.0,False,False,False,False,True
131,diverse_fill,unique_unpredictable;high_composite,aa-lcr,aa-lcr/aa-lcr-92,aa-lcr/aa-lcr/aa-lcr-92,unique_unpredictable;high_composite,0.7479005480335268,0.7879005480335268,medium,0.625,0.6702127659574468,0.8404255319148937,0.9797979797979798,16,0.375,0.375,0.4545296867214781,0.4223280311893105,0.23072742618835504,0.3134257984377662,32.0,16.0,1.0,False,False,False,True,True
132,diverse_fill,unique_unpredictable;high_composite,bigcodebench,bigcodebench_208,bigcodebench/bigcodebench_208,unique_unpredictable;high_composite,0.7460110096439437,0.7860110096439438,medium,0.520833375,0.7226890756302521,0.8907563025210085,0.9344827586206896,16,0.4791666249999999,0.4791666249999999,0.4404661652253887,0.3089103467773386,0.18271166586141924,0.35458931922343595,34.0,14.0,1.0,False,False,False,True,True
133,diverse_fill,high_composite,skillsbench,offer-letter-generator,skillsbench/offer-letter-generator,high_composite,0.7821078483455882,0.7821078483455882,medium,0.5416666875,0.9411764705882353,0.6691176470588235,1.0,16,0.4583333125,0.4583333125,0.4545296924508506,0.5741664538974174,0.3260073280517512,0.21483482361011763,5.0,24.0,1.0,False,False,False,False,True
134,diverse_fill,unique_unpredictable;high_composite,usaco,436,usaco/436,unique_unpredictable;high_composite,0.7396376262626263,0.7796376262626263,medium,0.5625,0.6868686868686869,0.8434343434343434,0.985,16,0.4375,0.4375,0.4672429626127343,0.3290336570721186,0.2968980707504831,0.11828631776149978,32.0,17.0,1.0,False,False,False,True,True
135,diverse_fill,high_composite,widesearch,widesearch/widesearch-ws-en-068,widesearch/widesearch/widesearch-ws-en-068,high_composite,0.773468046875,0.773468046875,medium,0.48687218750000005,0.98,0.635,1.0,16,0.5131278125,0.5131278125,0.4141273708771884,0.6234510297382243,0.31852736190769254,0.13063401174131561,3.0,37.0,1.0,False,False,False,False,True
136,diverse_fill,unique_unpredictable;high_composite,ineqmath,76,ineqmath/76,unique_unpredictable;high_composite,0.73342709375,0.7734270937500001,easy,0.27083337500000004,0.9270833333333334,0.8489583333333334,0.86,16,0.729166625,0.729166625,0.3767321730465283,0.1462362294815704,0.2639098187972738,0.13077987771627453,8.0,16.0,1.0,False,False,False,True,True
137,diverse_fill,high_composite,gso,gso-numpy--numpy-5f94eb8,gso/gso-numpy--numpy-5f94eb8,high_composite,0.7725163294526143,0.7725163294526143,medium,0.666666625,0.8444444444444444,0.7,0.9019607843137255,16,0.333333375,0.333333375,0.408248341494928,0.4692298541903004,0.3115792646384581,0.1820872609810823,15.0,28.0,1.0,False,False,False,False,True
138,diverse_fill,high_composite,spider2,salesforce001,spider2/salesforce001,high_composite,0.7703125,0.7703125,medium,0.6875,0.8055555555555556,0.7222222222222222,0.90625,16,0.3125,0.3125,0.4325112554733403,-0.6340197192668716,0.2940688486219886,0.22503186297140287,8.0,11.0,1.0,False,False,False,False,True
139,diverse_fill,unique_unpredictable;high_composite,dacode,dacode-dm-csv-056,dacode/dacode-dm-csv-056,unique_unpredictable;high_composite,0.7255142484756097,0.7655142484756098,medium,0.66666675,0.573170731707317,0.8719512195121951,0.935,16,0.33333325,0.33333325,0.4082482904638885,0.3939757212752751,0.17382787389690507,0.34438976675811805,71.0,22.0,1.0,False,False,False,True,True
140,diverse_fill,difficult;frontier_with_variance;unique_unpredictable,codepde,codepde-reacdiff1d,codepde/codepde-reacdiff1d,difficult;frontier_with_variance;unique_unpredictable,0.642291671875,0.7622916718750001,frontier,0.9791666875,0.25,1.0,0.4,16,0.0208333125,0.0208333125,0.0806870723588348,-0.1091595894831458,0.011020245454032249,0.6535899077683054,4.0,1.0,2.0,False,True,True,True,False
141,diverse_fill,difficult;high_composite,seal0,88,seal0/88,difficult;high_composite,0.7203408117443101,0.7603408117443101,hard,0.708333375,0.8842105263157894,0.4,0.8918918918918919,16,0.291666625,0.291666625,0.4228704777733182,0.2762837876754461,0.2968137892195791,0.1734533968221621,12.0,58.0,5.0,False,True,False,False,True
142,diverse_fill,high_composite,hle,hle/hle__67256656d246bf5d21d1377e,hle/hle/hle__67256656d246bf5d21d1377e,high_composite,0.7570943388940377,0.7570943388940377,medium,0.6875,0.8871794871794871,0.5205128205128206,0.963855421686747,16,0.3125,0.3125,0.4635124054434789,0.4735862485175945,0.3523597747136837,0.12032951893539834,23.0,94.0,1.0,False,False,False,False,True
143,diverse_fill,unique_unpredictable;high_composite,scicode,scicode-51,scicode/scicode-51,unique_unpredictable;high_composite,0.7138948240582191,0.7538948240582192,medium,0.36979162499999996,0.7671232876712328,0.8493150684931506,0.9375,16,0.630208375,0.630208375,0.3559620784607672,0.5079216927861878,0.23805199504801108,0.25924172997200623,18.0,12.0,4.0,False,False,False,True,True
144,diverse_fill,high_composite,labbench,figqa-0118,labbench/figqa-0118,high_composite,0.7521796776553468,0.7521796776553468,medium,0.5416666875,0.8092485549132948,0.7341040462427746,1.0,16,0.4583333125,0.4583333125,0.4841229236550773,0.3651927684567503,0.33432409109353584,0.19126390315626474,34.0,47.0,1.0,False,False,False,False,True
145,diverse_fill,unique_unpredictable;high_composite,quixbugs,quixbugs-java-find_first_in_sorted,quixbugs/quixbugs-java-find_first_in_sorted,unique_unpredictable;high_composite,0.69708334375,0.7370833437500001,medium,0.520833375,0.5125,0.95,1.0,16,0.479166625,0.479166625,0.4709439527133079,0.4778393323567712,0.2140345637333585,0.3407583703663778,40.0,5.0,1.0,False,False,False,True,True
146,diverse_fill,unique_unpredictable;high_composite,medagentbench,task9_11,medagentbench/task9_11,unique_unpredictable;high_composite,0.6931845290178572,0.7331845290178572,medium,0.6041666875,0.5285714285714286,0.8285714285714286,1.0,16,0.3958333125,0.3958333125,0.4119525354856914,0.5994443166316397,0.20510921661261272,0.19438973543565796,34.0,13.0,2.0,False,False,False,True,True
147,diverse_fill,high_composite,terminal-bench,count-dataset-tokens,terminal-bench/count-dataset-tokens,high_composite,0.7257377982160383,0.7257377982160383,medium,0.5000000625000001,0.8674698795180723,0.6626506024096386,0.8764044943820225,16,0.4999999375,0.4999999375,0.4249183336569612,0.6685325101426618,0.31886171587172246,0.1974516050157138,12.0,29.0,1.0,False,False,False,False,True
148,diverse_fill,high_composite,qcircuitbench,simon-n8,qcircuitbench/simon-n8,high_composite,0.7189345133928571,0.7189345133928571,medium,0.4291666249999999,0.92,0.58,0.9642857142857143,16,0.5708333750000001,0.5708333750000001,0.4428247737066653,0.6022010917696242,0.30723732028233014,0.22298495496902704,3.0,12.0,1.0,False,False,False,False,True
149,diverse_fill,difficult;unique_unpredictable;high_composite,swebenchpro,instance_flipt-io__flipt-406f9396ad65696d58865b3a6283109cd4eaf40e,swebenchpro/instance_flipt-io__flipt-406f9396ad65696d58865b3a6283109cd4eaf40e,difficult;unique_unpredictable;high_composite,0.6322567567567567,0.7122567567567568,hard,0.75,0.2972972972972973,0.8108108108108109,0.92,16,0.25,0.25,0.4330127018922193,0.3349243574577213,0.1844834036712636,0.26145084430906107,53.0,15.0,12.0,False,True,False,True,True
150,diverse_fill,high_composite,swebench-verified,django__django-16642,swebench-verified/django__django-16642,high_composite,0.7088200302526595,0.7088200302526595,medium,0.3958333125,0.8936170212765957,0.6063829787234043,0.97,16,0.6041666875,0.6041666875,0.4443902062174242,0.7437510060915351,0.356337239336734,0.11960688740609848,11.0,38.0,1.0,False,False,False,False,True
151,diverse_fill,difficult;unique_unpredictable;high_composite,deepsynth,40,deepsynth/40,difficult;unique_unpredictable;high_composite,0.6283110223214285,0.7083110223214286,hard,0.723958375,0.4,0.9142857142857143,0.525,16,0.276041625,0.276041625,0.3419698356428668,0.213177759344828,0.150734941582644,0.41743034367042264,22.0,4.0,6.0,False,True,False,True,True
152,diverse_fill,difficult;unique_unpredictable;high_composite,bixbench,bix-7-q2,bixbench/bix-7-q2,difficult;unique_unpredictable;high_composite,0.627243579326923,0.707243579326923,hard,0.916666625,0.28205128205128205,0.8974358974358975,0.5,16,0.083333375,0.083333375,0.2204793861616871,0.2474262594802327,0.053255265217820244,0.4929070921982691,29.0,5.0,5.0,False,True,False,True,True
153,diverse_fill,high_composite,spreadsheetbench,395-36,spreadsheetbench/395-36,high_composite,0.7019311224489795,0.7019311224489795,medium,0.375,0.9795918367346939,0.4897959183673469,0.9525,16,0.625,0.625,0.4545296867214781,0.717152045298042,0.36199485665172726,0.06900183349747757,5.0,101.0,2.0,False,False,False,False,True
154,diverse_fill,difficult;unique_unpredictable,research-code-bench,eomt_initialize_tracking_variables,research-code-bench/eomt_initialize_tracking_variables,difficult;unique_unpredictable,0.6114364102152895,0.6914364102152896,hard,0.7083333125,0.3612565445026178,0.9528795811518325,0.46462264150943394,16,0.2916666875,0.2916666875,0.4389855908322502,0.0119253581611325,0.3516179989040522,0.08291528538956772,123.0,10.0,55.0,False,True,False,True,False
155,diverse_fill,difficult;unique_unpredictable;high_composite,compilebench,coreutils-old-version-alpine,compilebench/coreutils-old-version-alpine,difficult;unique_unpredictable;high_composite,0.607500015625,0.6875000156250001,hard,0.7500000625000001,0.2,1.0,0.6666666666666666,16,0.2499999375,0.2499999375,0.3435921405210087,0.3751572607112429,0.1314513667981841,0.5059517156948072,13.0,1.0,3.0,False,True,False,True,True
156,diverse_fill,unique_unpredictable;high_composite,mmau,f995bc92-74f6-4e69-94b8-bf6e073fa19f,mmau/f995bc92-74f6-4e69-94b8-bf6e073fa19f,unique_unpredictable;high_composite,0.6469363657280219,0.686936365728022,medium,0.39583337500000004,0.5934065934065934,0.8571428571428571,0.84,16,0.604166625,0.604166625,0.3947353829712816,0.5224029361044017,0.20113438682332307,0.34073298319998957,38.0,14.0,2.0,False,False,False,True,True
157,diverse_fill,difficult;unique_unpredictable;high_composite,sldbench,lr_bsz_scaling_law,sldbench/lr_bsz_scaling_law,difficult;unique_unpredictable;high_composite,0.6028331406249999,0.682833140625,hard,0.7363325625,0.375,1.0,0.25,16,0.2636674375,0.2636674375,0.2082130110199554,0.5482402054813501,0.12121731628644611,0.4142618819597641,6.0,1.0,2.0,False,True,False,True,True
158,diverse_fill,difficult;unique_unpredictable,swtbench,pydata__xarray-6721,swtbench/pydata__xarray-6721,difficult;unique_unpredictable,0.597969387755102,0.6779693877551021,hard,0.75,0.32653061224489793,0.8367346938775511,0.58,16,0.25,0.25,0.3632416168643813,0.389393759770872,0.16628244823323557,0.3701101567218287,34.0,9.0,11.0,False,True,False,True,False
159,diverse_fill,high_composite,mmmlu,mmmlu-zh-cn-00128,mmmlu/mmmlu-zh-cn-00128,high_composite,0.6523861940298508,0.6523861940298508,medium,0.5625,0.6492537313432836,0.582089552238806,0.9266666666666666,16,0.4375,0.4375,0.4960783708246107,0.41451838771055,0.45386000183526004,0.023749256615726466,48.0,57.0,1.0,False,False,False,False,True
160,diverse_fill,high_composite,swebench-multilingual,swe-bench/swebench_multilingual__preactjs__preact-4182,swebench-multilingual/swe-bench/swebench_multilingual__preactjs__preact-4182,high_composite,0.6522083385416667,0.6522083385416667,medium,0.3541666875,0.7291666666666666,0.6458333333333334,0.98,16,0.6458333125,0.6458333125,0.4635124194893162,0.7400685692855037,0.354582153062574,0.16346873825354913,14.0,18.0,1.0,False,False,False,False,True
