task_column,benchmark,task_id,observed_count,missing_count,missing_fraction,observed_mean,observed_std,observed_min,observed_max,imputed_mean,imputed_normalized_mean,imputed_normalized_std,strength_correlation,difficulty_tier,negative_count,gt_one_count,is_bounded_score_task,is_reliable_observed_task,is_discriminative_task,is_mix_candidate_pool
algotune/algotune-odr,algotune,algotune-odr,16,0,0.0,0.00214125,0.0023039506695022,0.0,0.006503,0.00214125,0.00214125,0.0023039506695022,0.5413558068094182,frontier,0,0,True,True,False,True
reasoning-gym/reasoning-gym-code-codeio-easy00cea0a5-seed45-0,reasoning-gym,reasoning-gym-code-codeio-easy00cea0a5-seed45-0,16,0,0.0,0.0085416875,0.0023478399572466,0.003333,0.01,0.0085416875,0.0085416875,0.0023478399572466,0.5116515349477009,frontier,0,0,True,True,False,True
algotune/algotune-sha256-hashing,algotune,algotune-sha256-hashing,16,0,0.0,0.000674125,0.0004178127384068,0.0,0.001795,0.000674125,0.000674125,0.0004178127384068,0.4915703775887584,frontier,0,0,True,True,False,True
algotune/algotune-lp-centering,algotune,algotune-lp-centering,16,0,0.0,0.0375281875,0.054949790289885,0.0,0.176228,0.0375281875,0.0375281875,0.054949790289885,0.4393550179128361,frontier,0,0,True,True,True,True
algotune/algotune-rbf-interpolation,algotune,algotune-rbf-interpolation,16,0,0.0,0.0189398125,0.0301303703537202,0.0,0.097096,0.0189398125,0.0189398125,0.0301303703537202,0.4234800272084785,frontier,0,0,True,True,True,True
gaia2/gaia2-cli/0972_dhhwqrrwlcuk0qefe3m3dpusvcj5cuxo,gaia2,gaia2-cli/0972_dhhwqrrwlcuk0qefe3m3dpusvcj5cuxo,16,0,0.0,0.047619,0.058321126030796,0.0,0.142857,0.047619,0.047619,0.058321126030796,0.4123449625625311,frontier,0,0,True,True,True,True
scicode/scicode-22,scicode,scicode-22,16,0,0.0,0.041666625,0.0666087045483499,0.0,0.222222,0.041666625,0.041666625,0.0666087045483499,0.3863038834872496,frontier,0,0,True,True,True,True
scicode/scicode-73,scicode,scicode-73,16,0,0.0,0.0208333125,0.0392154106597756,0.0,0.148148,0.0208333125,0.0208333125,0.0392154106597756,0.3481262155615782,frontier,0,0,True,True,True,True
arc-agi-2/195c6913_0,arc-agi-2,195c6913_0,16,0,0.0,0.041666625,0.1102395277213866,0.0,0.333333,0.041666625,0.041666625,0.1102395277213866,0.340729690621104,frontier,0,0,True,True,True,True
featurebench-modal/scikit-learn__scikit-learn.5741bac9.test_arff_parser.ecde431a.lv1,featurebench-modal,scikit-learn__scikit-learn.5741bac9.test_arff_parser.ecde431a.lv1,16,0,0.0,0.041666625,0.1102395277213866,0.0,0.333333,0.041666625,0.041666625,0.1102395277213866,0.340729690621104,frontier,0,0,True,True,True,True
hle/hle/hle__676f30b2c0f9a20a47cd3211,hle,hle/hle__676f30b2c0f9a20a47cd3211,16,0,0.0,0.041666625,0.1102395277213866,0.0,0.333333,0.041666625,0.041666625,0.1102395277213866,0.340729690621104,frontier,0,0,True,True,True,True
labbench/figqa-0124,labbench,figqa-0124,16,0,0.0,0.041666625,0.1102395277213866,0.0,0.333333,0.041666625,0.041666625,0.1102395277213866,0.340729690621104,frontier,0,0,True,True,True,True
replicationbench/chandra_representation__2dae_embedding,replicationbench,chandra_representation__2dae_embedding,16,0,0.0,0.041666625,0.1102395277213866,0.0,0.333333,0.041666625,0.041666625,0.1102395277213866,0.340729690621104,frontier,0,0,True,True,True,True
swe-lancer/26167-manager-0,swe-lancer,26167-manager-0,16,0,0.0,0.041666625,0.1102395277213866,0.0,0.333333,0.041666625,0.041666625,0.1102395277213866,0.340729690621104,frontier,0,0,True,True,True,True
swebench-verified/sphinx-doc__sphinx-9602,swebench-verified,sphinx-doc__sphinx-9602,16,0,0.0,0.041666625,0.1102395277213866,0.0,0.333333,0.041666625,0.041666625,0.1102395277213866,0.340729690621104,frontier,0,0,True,True,True,True
bixbench/bix-25-q1,bixbench,bix-25-q1,16,0,0.0,0.041666625,0.1102395277213866,0.0,0.333333,0.041666625,0.041666625,0.1102395277213866,0.333331444799171,frontier,0,0,True,True,True,True
financeagent_terminal/financeagent-45,financeagent_terminal,financeagent-45,16,0,0.0,0.041666625,0.1102395277213866,0.0,0.333333,0.041666625,0.041666625,0.1102395277213866,0.333331444799171,frontier,0,0,True,True,True,True
skillsbench/video-filler-word-remover,skillsbench,video-filler-word-remover,16,0,0.0,0.041666625,0.1102395277213866,0.0,0.333333,0.041666625,0.041666625,0.1102395277213866,0.333331444799171,frontier,0,0,True,True,True,True
swebenchpro/instance_ansible__ansible-40ade1f84b8bb10a63576b0ac320c13f57c87d34-v6382ea168a93d80a64aab1fbd8c4f02dc5ada5bf,swebenchpro,instance_ansible__ansible-40ade1f84b8bb10a63576b0ac320c13f57c87d34-v6382ea168a93d80a64aab1fbd8c4f02dc5ada5bf,16,0,0.0,0.041666625,0.1102395277213866,0.0,0.333333,0.041666625,0.041666625,0.1102395277213866,0.333331444799171,frontier,0,0,True,True,True,True
mmau/8c017759-858f-4b9b-91b4-d551bf3388f8,mmau,8c017759-858f-4b9b-91b4-d551bf3388f8,16,0,0.0,0.041666625,0.1102395277213866,0.0,0.333333,0.041666625,0.041666625,0.1102395277213866,0.3154553029479101,frontier,0,0,True,True,True,True
algotune/algotune-qz-factorization,algotune,algotune-qz-factorization,16,0,0.0,0.002610125,0.0045262175692707,0.0,0.017843,0.002610125,0.002610125,0.0045262175692707,0.3110062438636594,frontier,0,0,True,True,False,True
qcircuitbench/universal_2-n9,qcircuitbench,universal_2-n9,16,0,0.0,0.0468958124999999,0.1249530945016062,0.0,0.417,0.0468958124999999,0.0468958124999999,0.1249530945016062,0.297018387714175,frontier,0,0,True,True,True,True
swesmith/oauthlib__oauthlib.1fd52536.combine_file__co0s9qz2,swesmith,oauthlib__oauthlib.1fd52536.combine_file__co0s9qz2,16,0,0.0,0.041666625,0.1102395277213866,0.0,0.333333,0.041666625,0.041666625,0.1102395277213866,0.289774708874856,frontier,0,0,True,True,True,True
featurebench-modal/huggingface__transformers.e2e8dbed.test_modeling_swin2sr.f5cba486.lv1,featurebench-modal,huggingface__transformers.e2e8dbed.test_modeling_swin2sr.f5cba486.lv1,16,0,0.0,0.041666625,0.1102395277213866,0.0,0.333333,0.041666625,0.041666625,0.1102395277213866,0.2872126104010021,frontier,0,0,True,True,True,True
featurebench-modal/mlflow__mlflow.93dab383.test_unity_catalog_models_artifact_repo.ad6e49d9.lv1,featurebench-modal,mlflow__mlflow.93dab383.test_unity_catalog_models_artifact_repo.ad6e49d9.lv1,16,0,0.0,0.041666625,0.1102395277213866,0.0,0.333333,0.041666625,0.041666625,0.1102395277213866,0.2872126104010021,frontier,0,0,True,True,True,True
featurebench-modal/pypa__hatch.ff4b4040.test_config.38d2ef18.lv1,featurebench-modal,pypa__hatch.ff4b4040.test_config.38d2ef18.lv1,16,0,0.0,0.041666625,0.1102395277213866,0.0,0.333333,0.041666625,0.041666625,0.1102395277213866,0.2872126104010021,frontier,0,0,True,True,True,True
swesmith/oauthlib__oauthlib.1fd52536.combine_file__ce2ryqth,swesmith,oauthlib__oauthlib.1fd52536.combine_file__ce2ryqth,16,0,0.0,0.041666625,0.1102395277213866,0.0,0.333333,0.041666625,0.041666625,0.1102395277213866,0.2872126104010021,frontier,0,0,True,True,True,True
swesmith/oauthlib__oauthlib.1fd52536.combine_file__h9t9n344,swesmith,oauthlib__oauthlib.1fd52536.combine_file__h9t9n344,16,0,0.0,0.041666625,0.1102395277213866,0.0,0.333333,0.041666625,0.041666625,0.1102395277213866,0.2872126104010021,frontier,0,0,True,True,True,True
algotune/algotune-rocket-landing-optimization,algotune,algotune-rocket-landing-optimization,16,0,0.0,0.018606125,0.0513059288994398,0.0,0.208639,0.018606125,0.018606125,0.0513059288994398,0.2830319340210352,frontier,0,0,True,True,True,True
featurebench-modal/huggingface__transformers.e2e8dbed.test_modeling_prompt_depth_anything.2d54afdc.lv1,featurebench-modal,huggingface__transformers.e2e8dbed.test_modeling_prompt_depth_anything.2d54afdc.lv1,16,0,0.0,0.041666625,0.1102395277213866,0.0,0.333333,0.041666625,0.041666625,0.1102395277213866,0.2801665828243414,frontier,0,0,True,True,True,True
gaia2/gaia2-cli/0565_2jrc925ifrssukl69pgrqd7ap2pt1zuz,gaia2,gaia2-cli/0565_2jrc925ifrssukl69pgrqd7ap2pt1zuz,16,0,0.0,0.041666625,0.1102395277213866,0.0,0.333333,0.041666625,0.041666625,0.1102395277213866,0.2801665828243414,frontier,0,0,True,True,True,True
terminal-bench/torch-pipeline-parallelism,terminal-bench,torch-pipeline-parallelism,16,0,0.0,0.041666625,0.1102395277213866,0.0,0.333333,0.041666625,0.041666625,0.1102395277213866,0.279814364579069,frontier,0,0,True,True,True,True
algotune/algotune-sparse-eigenvectors-complex,algotune,algotune-sparse-eigenvectors-complex,16,0,0.0,0.0107199375,0.0307384433923319,0.0,0.120608,0.0107199375,0.0107199375,0.0307384433923319,0.277620494877922,frontier,0,0,True,True,True,True
algotune/algotune-lasso,algotune,algotune-lasso,16,0,0.0,0.0116380624999999,0.0389902827998027,0.0,0.16082,0.0116380624999999,0.0116380624999999,0.0389902827998027,0.2773880446819686,frontier,0,0,True,True,True,True
algotune/algotune-fft-convolution,algotune,algotune-fft-convolution,16,0,0.0,0.0065758125,0.0144672654301821,0.0,0.056433,0.0065758125,0.0065758125,0.0144672654301821,0.2749322404859241,frontier,0,0,True,True,False,True
gso/gso-uploadcare--pillow-simd-7511039,gso,gso-uploadcare--pillow-simd-7511039,16,0,0.0,0.041666625,0.1102395277213866,0.0,0.333333,0.041666625,0.041666625,0.1102395277213866,0.254133770506015,frontier,0,0,True,True,True,True
swesmith/oauthlib__oauthlib.1fd52536.combine_file__a0mopj7p,swesmith,oauthlib__oauthlib.1fd52536.combine_file__a0mopj7p,16,0,0.0,0.041666625,0.1102395277213866,0.0,0.333333,0.041666625,0.041666625,0.1102395277213866,0.254133770506015,frontier,0,0,True,True,True,True
algotune/algotune-upfirdn1d,algotune,algotune-upfirdn1d,16,0,0.0,0.0175274375,0.0323275644206471,0.0,0.121282,0.0175274375,0.0175274375,0.0323275644206471,0.2527904159978635,frontier,0,0,True,True,True,True
gso/gso-pandas-dev--pandas-bfaf917,gso,gso-pandas-dev--pandas-bfaf917,16,0,0.0,0.0416666875,0.1613743867791287,0.0,0.666667,0.0416666875,0.0416666875,0.1613743867791287,0.2449744206486853,frontier,0,0,True,True,True,True
hle/hle/hle__672481e607ba5eb2c1c53534,hle,hle/hle__672481e607ba5eb2c1c53534,16,0,0.0,0.0416666875,0.1613743867791287,0.0,0.666667,0.0416666875,0.0416666875,0.1613743867791287,0.2449744206486853,frontier,0,0,True,True,True,True
skillsbench/jpg-ocr-stat,skillsbench,jpg-ocr-stat,16,0,0.0,0.0416666875,0.1613743867791287,0.0,0.666667,0.0416666875,0.0416666875,0.1613743867791287,0.2449744206486853,frontier,0,0,True,True,True,True
swtbench/sympy__sympy-13798,swtbench,sympy__sympy-13798,16,0,0.0,0.0416666875,0.1613743867791287,0.0,0.666667,0.0416666875,0.0416666875,0.1613743867791287,0.2449744206486853,frontier,0,0,True,True,True,True
algotune/algotune-vectorized-newton,algotune,algotune-vectorized-newton,16,0,0.0,0.034968625,0.1354329022647723,0.0,0.559498,0.034968625,0.034968625,0.1354329022647723,0.2449744206486852,frontier,0,0,True,True,True,True
arc-agi-2/4e34c42c_0,arc-agi-2,4e34c42c_0,16,0,0.0,0.0208333125,0.0806870723588348,0.0,0.333333,0.0208333125,0.0208333125,0.0806870723588348,0.2449744206486851,frontier,0,0,True,True,True,True
bigcodebench/bigcodebench_424,bigcodebench,bigcodebench_424,16,0,0.0,0.0208333125,0.0806870723588348,0.0,0.333333,0.0208333125,0.0208333125,0.0806870723588348,0.2449744206486851,frontier,0,0,True,True,True,True
bigcodebench/bigcodebench_952,bigcodebench,bigcodebench_952,16,0,0.0,0.0208333125,0.0806870723588348,0.0,0.333333,0.0208333125,0.0208333125,0.0806870723588348,0.2449744206486851,frontier,0,0,True,True,True,True
featurebench-modal/mesonbuild__meson.f5d81d07.cargotests.8e49c2d0.lv1,featurebench-modal,mesonbuild__meson.f5d81d07.cargotests.8e49c2d0.lv1,16,0,0.0,0.0208333125,0.0806870723588348,0.0,0.333333,0.0208333125,0.0208333125,0.0806870723588348,0.2449744206486851,frontier,0,0,True,True,True,True
featurebench-modal/mlflow__mlflow.93dab383.test_presigned_url_artifact_repo.8d57288e.lv1,featurebench-modal,mlflow__mlflow.93dab383.test_presigned_url_artifact_repo.8d57288e.lv1,16,0,0.0,0.0208333125,0.0806870723588348,0.0,0.333333,0.0208333125,0.0208333125,0.0806870723588348,0.2449744206486851,frontier,0,0,True,True,True,True
gaia/5f982798-16b9-4051-ab57-cfc7ebdb2a91,gaia,5f982798-16b9-4051-ab57-cfc7ebdb2a91,16,0,0.0,0.0208333125,0.0806870723588348,0.0,0.333333,0.0208333125,0.0208333125,0.0806870723588348,0.2449744206486851,frontier,0,0,True,True,True,True
gso/gso-huggingface--transformers-d51b589,gso,gso-huggingface--transformers-d51b589,16,0,0.0,0.0208333125,0.0806870723588348,0.0,0.333333,0.0208333125,0.0208333125,0.0806870723588348,0.2449744206486851,frontier,0,0,True,True,True,True
hle/hle/hle__6705610417b54abf9a949f33,hle,hle/hle__6705610417b54abf9a949f33,16,0,0.0,0.0208333125,0.0806870723588348,0.0,0.333333,0.0208333125,0.0208333125,0.0806870723588348,0.2449744206486851,frontier,0,0,True,True,True,True
hle/hle/hle__671dacdd355c956ce7de5aa5,hle,hle/hle__671dacdd355c956ce7de5aa5,16,0,0.0,0.0208333125,0.0806870723588348,0.0,0.333333,0.0208333125,0.0208333125,0.0806870723588348,0.2449744206486851,frontier,0,0,True,True,True,True
labbench/figqa-0114,labbench,figqa-0114,16,0,0.0,0.0208333125,0.0806870723588348,0.0,0.333333,0.0208333125,0.0208333125,0.0806870723588348,0.2449744206486851,frontier,0,0,True,True,True,True
medagentbench/task3_9,medagentbench,task3_9,16,0,0.0,0.0208333125,0.0806870723588348,0.0,0.333333,0.0208333125,0.0208333125,0.0806870723588348,0.2449744206486851,frontier,0,0,True,True,True,True
omnimath/omnimath_2428,omnimath,omnimath_2428,16,0,0.0,0.0208333125,0.0806870723588348,0.0,0.333333,0.0208333125,0.0208333125,0.0806870723588348,0.2449744206486851,frontier,0,0,True,True,True,True
omnimath/omnimath_476,omnimath,omnimath_476,16,0,0.0,0.0208333125,0.0806870723588348,0.0,0.333333,0.0208333125,0.0208333125,0.0806870723588348,0.2449744206486851,frontier,0,0,True,True,True,True
scicode/scicode-63,scicode,scicode-63,16,0,0.0,0.0069444375,0.0268956907862782,0.0,0.111111,0.0069444375,0.0069444375,0.0268956907862782,0.2449744206486851,frontier,0,0,True,True,False,True
seal0/107,seal0,107,16,0,0.0,0.0208333125,0.0806870723588348,0.0,0.333333,0.0208333125,0.0208333125,0.0806870723588348,0.2449744206486851,frontier,0,0,True,True,True,True
seal0/55,seal0,55,16,0,0.0,0.0208333125,0.0806870723588348,0.0,0.333333,0.0208333125,0.0208333125,0.0806870723588348,0.2449744206486851,frontier,0,0,True,True,True,True
skillsbench/seismic-phase-picking,skillsbench,seismic-phase-picking,16,0,0.0,0.0208333125,0.0806870723588348,0.0,0.333333,0.0208333125,0.0208333125,0.0806870723588348,0.2449744206486851,frontier,0,0,True,True,True,True
spider2/twilio001,spider2,twilio001,16,0,0.0,0.0208333125,0.0806870723588348,0.0,0.333333,0.0208333125,0.0208333125,0.0806870723588348,0.2449744206486851,frontier,0,0,True,True,True,True
swebenchpro/instance_gravitational__teleport-eda668c30d9d3b56d9c69197b120b01013611186,swebenchpro,instance_gravitational__teleport-eda668c30d9d3b56d9c69197b120b01013611186,16,0,0.0,0.0208333125,0.0806870723588348,0.0,0.333333,0.0208333125,0.0208333125,0.0806870723588348,0.2449744206486851,frontier,0,0,True,True,True,True
swebenchpro/instance_nodebb__nodebb-8ca65b0c78c67c1653487c02d1135e1b702185e1-vf2cf3cbd463b7ad942381f1c6d077626485a1e9e,swebenchpro,instance_nodebb__nodebb-8ca65b0c78c67c1653487c02d1135e1b702185e1-vf2cf3cbd463b7ad942381f1c6d077626485a1e9e,16,0,0.0,0.0208333125,0.0806870723588348,0.0,0.333333,0.0208333125,0.0208333125,0.0806870723588348,0.2449744206486851,frontier,0,0,True,True,True,True
widesearch/widesearch/widesearch-ws-en-045,widesearch,widesearch/widesearch-ws-en-045,16,0,0.0,0.0208333125,0.0806870723588348,0.0,0.333333,0.0208333125,0.0208333125,0.0806870723588348,0.2449744206486851,frontier,0,0,True,True,True,True
algotune/algotune-integer-factorization,algotune,algotune-integer-factorization,16,0,0.0,0.0440516875,0.1697362978095429,0.0,0.701435,0.0440516875,0.0440516875,0.1697362978095429,0.2205555991167476,frontier,0,0,True,True,True,True
aa-lcr/aa-lcr/aa-lcr-26,aa-lcr,aa-lcr/aa-lcr-26,16,0,0.0,0.0208333125,0.0806870723588348,0.0,0.333333,0.0208333125,0.0208333125,0.0806870723588348,0.220550961257328,frontier,0,0,True,True,True,True
arc-agi-2/2b83f449_0,arc-agi-2,2b83f449_0,16,0,0.0,0.0208333125,0.0806870723588348,0.0,0.333333,0.0208333125,0.0208333125,0.0806870723588348,0.220550961257328,frontier,0,0,True,True,True,True
arc-agi-2/62593bfd_1,arc-agi-2,62593bfd_1,16,0,0.0,0.0208333125,0.0806870723588348,0.0,0.333333,0.0208333125,0.0208333125,0.0806870723588348,0.220550961257328,frontier,0,0,True,True,True,True
arc-agi-2/88bcf3b4_0,arc-agi-2,88bcf3b4_0,16,0,0.0,0.0208333125,0.0806870723588348,0.0,0.333333,0.0208333125,0.0208333125,0.0806870723588348,0.220550961257328,frontier,0,0,True,True,True,True
arc-agi-2/a32d8b75_0,arc-agi-2,a32d8b75_0,16,0,0.0,0.0208333125,0.0806870723588348,0.0,0.333333,0.0208333125,0.0208333125,0.0806870723588348,0.220550961257328,frontier,0,0,True,True,True,True
bfcl/bfcl-simple-java-70,bfcl,bfcl-simple-java-70,16,0,0.0,0.0208333125,0.0806870723588348,0.0,0.333333,0.0208333125,0.0208333125,0.0806870723588348,0.220550961257328,frontier,0,0,True,True,True,True
bigcodebench/bigcodebench_177,bigcodebench,bigcodebench_177,16,0,0.0,0.0208333125,0.0806870723588348,0.0,0.333333,0.0208333125,0.0208333125,0.0806870723588348,0.220550961257328,frontier,0,0,True,True,True,True
bigcodebench/bigcodebench_503,bigcodebench,bigcodebench_503,16,0,0.0,0.0208333125,0.0806870723588348,0.0,0.333333,0.0208333125,0.0208333125,0.0806870723588348,0.220550961257328,frontier,0,0,True,True,True,True
featurebench-modal/mlflow__mlflow.93dab383.test_log_image.439a816d.lv1,featurebench-modal,mlflow__mlflow.93dab383.test_log_image.439a816d.lv1,16,0,0.0,0.0208333125,0.0806870723588348,0.0,0.333333,0.0208333125,0.0208333125,0.0806870723588348,0.220550961257328,frontier,0,0,True,True,True,True
featurebench-modal/pandas-dev__pandas.82fa2715.test_formats.05080a4e.lv1,featurebench-modal,pandas-dev__pandas.82fa2715.test_formats.05080a4e.lv1,16,0,0.0,0.0208333125,0.0806870723588348,0.0,0.333333,0.0208333125,0.0208333125,0.0806870723588348,0.220550961257328,frontier,0,0,True,True,True,True
gaia/0bdb7c40-671d-4ad1-9ce3-986b159c0ddc,gaia,0bdb7c40-671d-4ad1-9ce3-986b159c0ddc,16,0,0.0,0.0208333125,0.0806870723588348,0.0,0.333333,0.0208333125,0.0208333125,0.0806870723588348,0.220550961257328,frontier,0,0,True,True,True,True
gpqa-diamond/167,gpqa-diamond,167,16,0,0.0,0.0208333125,0.0806870723588348,0.0,0.333333,0.0208333125,0.0208333125,0.0806870723588348,0.220550961257328,frontier,0,0,True,True,True,True
gso/gso-uploadcare--pillow-simd-0514e20,gso,gso-uploadcare--pillow-simd-0514e20,16,0,0.0,0.0208333125,0.0806870723588348,0.0,0.333333,0.0208333125,0.0208333125,0.0806870723588348,0.220550961257328,frontier,0,0,True,True,True,True
hle/hle/hle__6720bc27c749322fd52d6cc1,hle,hle/hle__6720bc27c749322fd52d6cc1,16,0,0.0,0.0208333125,0.0806870723588348,0.0,0.333333,0.0208333125,0.0208333125,0.0806870723588348,0.220550961257328,frontier,0,0,True,True,True,True
hle/hle/hle__673cd3821cf7bd0b7cc91fe5,hle,hle/hle__673cd3821cf7bd0b7cc91fe5,16,0,0.0,0.0208333125,0.0806870723588348,0.0,0.333333,0.0208333125,0.0208333125,0.0806870723588348,0.220550961257328,frontier,0,0,True,True,True,True
hle/hle/hle__676762beff30b300db258691,hle,hle/hle__676762beff30b300db258691,16,0,0.0,0.0208333125,0.0806870723588348,0.0,0.333333,0.0208333125,0.0208333125,0.0806870723588348,0.220550961257328,frontier,0,0,True,True,True,True
pixiu/pixiu-finqa-finqa4,pixiu,pixiu-finqa-finqa4,16,0,0.0,0.0208333125,0.0806870723588348,0.0,0.333333,0.0208333125,0.0208333125,0.0806870723588348,0.220550961257328,frontier,0,0,True,True,True,True
reasoning-gym/reasoning-gym-induction-list-functions-hard0292e21f-seed45-0,reasoning-gym,reasoning-gym-induction-list-functions-hard0292e21f-seed45-0,16,0,0.0,0.0208333125,0.0806870723588348,0.0,0.333333,0.0208333125,0.0208333125,0.0806870723588348,0.220550961257328,frontier,0,0,True,True,True,True
replicationbench/galaxy_soptics__millennium_data_extraction,replicationbench,galaxy_soptics__millennium_data_extraction,16,0,0.0,0.0208333125,0.0806870723588348,0.0,0.333333,0.0208333125,0.0208333125,0.0806870723588348,0.220550961257328,frontier,0,0,True,True,True,True
seal0/43,seal0,43,16,0,0.0,0.0208333125,0.0806870723588348,0.0,0.333333,0.0208333125,0.0208333125,0.0806870723588348,0.220550961257328,frontier,0,0,True,True,True,True
seal0/67,seal0,67,16,0,0.0,0.0208333125,0.0806870723588348,0.0,0.333333,0.0208333125,0.0208333125,0.0806870723588348,0.220550961257328,frontier,0,0,True,True,True,True
skillsbench/azure-bgp-oscillation-route-leak,skillsbench,azure-bgp-oscillation-route-leak,16,0,0.0,0.0208333125,0.0806870723588348,0.0,0.333333,0.0208333125,0.0208333125,0.0806870723588348,0.220550961257328,frontier,0,0,True,True,True,True
swebench-verified/django__django-10554,swebench-verified,django__django-10554,16,0,0.0,0.0208333125,0.0806870723588348,0.0,0.333333,0.0208333125,0.0208333125,0.0806870723588348,0.220550961257328,frontier,0,0,True,True,True,True
swesmith/oauthlib__oauthlib.1fd52536.combine_file__8fle46xq,swesmith,oauthlib__oauthlib.1fd52536.combine_file__8fle46xq,16,0,0.0,0.0208333125,0.0806870723588348,0.0,0.333333,0.0208333125,0.0208333125,0.0806870723588348,0.220550961257328,frontier,0,0,True,True,True,True
swesmith/oauthlib__oauthlib.1fd52536.combine_file__8tij9kub,swesmith,oauthlib__oauthlib.1fd52536.combine_file__8tij9kub,16,0,0.0,0.0208333125,0.0806870723588348,0.0,0.333333,0.0208333125,0.0208333125,0.0806870723588348,0.220550961257328,frontier,0,0,True,True,True,True
swesmith/oauthlib__oauthlib.1fd52536.combine_file__aq6tx8j7,swesmith,oauthlib__oauthlib.1fd52536.combine_file__aq6tx8j7,16,0,0.0,0.0208333125,0.0806870723588348,0.0,0.333333,0.0208333125,0.0208333125,0.0806870723588348,0.220550961257328,frontier,0,0,True,True,True,True
aider-polyglot/polyglot_go_matrix,aider-polyglot,polyglot_go_matrix,16,0,0.0,0.0416666875,0.1613743867791287,0.0,0.666667,0.0416666875,0.0416666875,0.1613743867791287,0.2205509612573279,frontier,0,0,True,True,True,True
aider-polyglot/polyglot_java_house,aider-polyglot,polyglot_java_house,16,0,0.0,0.0416666875,0.1613743867791287,0.0,0.666667,0.0416666875,0.0416666875,0.1613743867791287,0.2205509612573279,frontier,0,0,True,True,True,True
algotune/algotune-dijkstra-from-indices,algotune,algotune-dijkstra-from-indices,16,0,0.0,0.009781375,0.0378831024780095,0.0,0.156502,0.009781375,0.009781375,0.0378831024780095,0.2205509612573279,frontier,0,0,True,True,True,True
algotune/algotune-outer-product,algotune,algotune-outer-product,16,0,0.0,0.0366744375,0.1420394856690247,0.0,0.586791,0.0366744375,0.0366744375,0.1420394856690247,0.2205509612573279,frontier,0,0,True,True,True,True
arc-agi-2/a25697e4_0,arc-agi-2,a25697e4_0,16,0,0.0,0.0416666875,0.1613743867791287,0.0,0.666667,0.0416666875,0.0416666875,0.1613743867791287,0.2205509612573279,frontier,0,0,True,True,True,True
arc-agi-2/e12f9a14_0,arc-agi-2,e12f9a14_0,16,0,0.0,0.0416666875,0.1613743867791287,0.0,0.666667,0.0416666875,0.0416666875,0.1613743867791287,0.2205509612573279,frontier,0,0,True,True,True,True
bigcodebench/bigcodebench_655,bigcodebench,bigcodebench_655,16,0,0.0,0.0416666875,0.1613743867791287,0.0,0.666667,0.0416666875,0.0416666875,0.1613743867791287,0.2205509612573279,frontier,0,0,True,True,True,True
featurebench-modal/mwaskom__seaborn.7001ebe7.test_algorithms.1f0181c2.lv2,featurebench-modal,mwaskom__seaborn.7001ebe7.test_algorithms.1f0181c2.lv2,16,0,0.0,0.0416666875,0.1613743867791287,0.0,0.666667,0.0416666875,0.0416666875,0.1613743867791287,0.2205509612573279,frontier,0,0,True,True,True,True
replicationbench/bayes_cal__nwp_set,replicationbench,bayes_cal__nwp_set,16,0,0.0,0.0416666875,0.1613743867791287,0.0,0.666667,0.0416666875,0.0416666875,0.1613743867791287,0.2205509612573279,frontier,0,0,True,True,True,True
algotune/algotune-unit-simplex-projection,algotune,algotune-unit-simplex-projection,16,0,0.0,0.0412743125,0.1226187522795344,0.0,0.511042,0.0412743125,0.0412743125,0.1226187522795344,0.2117039483224981,frontier,0,0,True,True,True,True
arc-agi-2/5545f144_0,arc-agi-2,5545f144_0,16,0,0.0,0.0208333125,0.0806870723588348,0.0,0.333333,0.0208333125,0.0208333125,0.0806870723588348,0.210443033165086,frontier,0,0,True,True,True,True
arc-agi-2/faa9f03d_0,arc-agi-2,faa9f03d_0,16,0,0.0,0.0208333125,0.0806870723588348,0.0,0.333333,0.0208333125,0.0208333125,0.0806870723588348,0.210443033165086,frontier,0,0,True,True,True,True
bigcodebench/bigcodebench_15,bigcodebench,bigcodebench_15,16,0,0.0,0.0416666875,0.1613743867791287,0.0,0.666667,0.0416666875,0.0416666875,0.1613743867791287,0.210443033165086,frontier,0,0,True,True,True,True
bixbench/bix-28-q6,bixbench,bix-28-q6,16,0,0.0,0.0208333125,0.0806870723588348,0.0,0.333333,0.0208333125,0.0208333125,0.0806870723588348,0.210443033165086,frontier,0,0,True,True,True,True
featurebench-modal/huggingface__transformers.e2e8dbed.test_processing_git.7342da79.lv1,featurebench-modal,huggingface__transformers.e2e8dbed.test_processing_git.7342da79.lv1,16,0,0.0,0.0208333125,0.0806870723588348,0.0,0.333333,0.0208333125,0.0208333125,0.0806870723588348,0.210443033165086,frontier,0,0,True,True,True,True
gaia2/gaia2-cli/0898_h47f9xaz8othydwkcxky3us1ucsllkl0,gaia2,gaia2-cli/0898_h47f9xaz8othydwkcxky3us1ucsllkl0,16,0,0.0,0.0052083125,0.0201717075743439,0.0,0.083333,0.0052083125,0.0052083125,0.0201717075743439,0.210443033165086,frontier,0,0,True,True,False,True
hle/hle/hle__67190f1eee94d36fc7734311,hle,hle/hle__67190f1eee94d36fc7734311,16,0,0.0,0.0208333125,0.0806870723588348,0.0,0.333333,0.0208333125,0.0208333125,0.0806870723588348,0.210443033165086,frontier,0,0,True,True,True,True
mmau/1a5dd76a-7905-4a83-bd88-7ae26730656d,mmau,1a5dd76a-7905-4a83-bd88-7ae26730656d,16,0,0.0,0.0208333125,0.0806870723588348,0.0,0.333333,0.0208333125,0.0208333125,0.0806870723588348,0.210443033165086,frontier,0,0,True,True,True,True
pixiu/pixiu-ectsum-ectsum5,pixiu,pixiu-ectsum-ectsum5,16,0,0.0,0.0208333125,0.0806870723588348,0.0,0.333333,0.0208333125,0.0208333125,0.0806870723588348,0.210443033165086,frontier,0,0,True,True,True,True
scicode/scicode-17,scicode,scicode-17,16,0,0.0,0.0104166875,0.0403436572101469,0.0,0.166667,0.0104166875,0.0104166875,0.0403436572101469,0.210443033165086,frontier,0,0,True,True,True,True
scicode/scicode-2,scicode,scicode-2,16,0,0.0,0.0208333125,0.0806870723588348,0.0,0.333333,0.0208333125,0.0208333125,0.0806870723588348,0.210443033165086,frontier,0,0,True,True,True,True
swe-lancer/14294-manager-0,swe-lancer,14294-manager-0,16,0,0.0,0.0208333125,0.0806870723588348,0.0,0.333333,0.0208333125,0.0208333125,0.0806870723588348,0.210443033165086,frontier,0,0,True,True,True,True
swebench-verified/astropy__astropy-8707,swebench-verified,astropy__astropy-8707,16,0,0.0,0.0208333125,0.0806870723588348,0.0,0.333333,0.0208333125,0.0208333125,0.0806870723588348,0.210443033165086,frontier,0,0,True,True,True,True
terminal-bench/caffe-cifar-10,terminal-bench,caffe-cifar-10,16,0,0.0,0.0208333125,0.0806870723588348,0.0,0.333333,0.0208333125,0.0208333125,0.0806870723588348,0.210443033165086,frontier,0,0,True,True,True,True
terminal-bench/train-fasttext,terminal-bench,train-fasttext,16,0,0.0,0.0416666875,0.1613743867791287,0.0,0.666667,0.0416666875,0.0416666875,0.1613743867791287,0.210443033165086,frontier,0,0,True,True,True,True
algotune/algotune-matrix-exponential-sparse,algotune,algotune-matrix-exponential-sparse,16,0,0.0,0.0132419374999999,0.038692104881792,0.0,0.153888,0.0132419374999999,0.0132419374999999,0.038692104881792,0.2103786991497442,frontier,0,0,True,True,True,True
featurebench-modal/huggingface__transformers.e2e8dbed.test_modeling_mimi.3118abde.lv1,featurebench-modal,huggingface__transformers.e2e8dbed.test_modeling_mimi.3118abde.lv1,16,0,0.0,0.041666625,0.1102395277213866,0.0,0.333333,0.041666625,0.041666625,0.1102395277213866,0.2093073189603223,frontier,0,0,True,True,True,True
aider-polyglot/polyglot_go_beer-song,aider-polyglot,polyglot_go_beer-song,16,0,0.0,0.041666625,0.1102395277213866,0.0,0.333333,0.041666625,0.041666625,0.1102395277213866,0.2067943023608867,frontier,0,0,True,True,True,True
aider-polyglot/polyglot_python_paasio,aider-polyglot,polyglot_python_paasio,16,0,0.0,0.041666625,0.1102395277213866,0.0,0.333333,0.041666625,0.041666625,0.1102395277213866,0.2067943023608867,frontier,0,0,True,True,True,True
featurebench-modal/huggingface__transformers.e2e8dbed.test_modeling_vitpose.30ffd86e.lv1,featurebench-modal,huggingface__transformers.e2e8dbed.test_modeling_vitpose.30ffd86e.lv1,16,0,0.0,0.041666625,0.1102395277213866,0.0,0.333333,0.041666625,0.041666625,0.1102395277213866,0.2067943023608867,frontier,0,0,True,True,True,True
hle/hle/hle__66ee158c5db68805b7d3d27b,hle,hle/hle__66ee158c5db68805b7d3d27b,16,0,0.0,0.041666625,0.1102395277213866,0.0,0.333333,0.041666625,0.041666625,0.1102395277213866,0.2067943023608867,frontier,0,0,True,True,True,True
hle/hle/hle__6739674739118cf30f5f1075,hle,hle/hle__6739674739118cf30f5f1075,16,0,0.0,0.041666625,0.1102395277213866,0.0,0.333333,0.041666625,0.041666625,0.1102395277213866,0.2067943023608867,frontier,0,0,True,True,True,True
mmmlu/mmmlu-yo-ng-00141,mmmlu,mmmlu-yo-ng-00141,16,0,0.0,0.041666625,0.1102395277213866,0.0,0.333333,0.041666625,0.041666625,0.1102395277213866,0.2067943023608867,frontier,0,0,True,True,True,True
hle/hle/hle__673722a1f362584fff2ae212,hle,hle/hle__673722a1f362584fff2ae212,16,0,0.0,0.041666625,0.1102395277213866,0.0,0.333333,0.041666625,0.041666625,0.1102395277213866,0.2032972194768843,frontier,0,0,True,True,True,True
crustbench/crustbench-bostree,crustbench,crustbench-bostree,16,0,0.0,0.041666625,0.1102395277213866,0.0,0.333333,0.041666625,0.041666625,0.1102395277213866,0.2032600366222175,frontier,0,0,True,True,True,True
dacode/dacode-di-text-039,dacode,dacode-di-text-039,16,0,0.0,0.041666625,0.1102395277213866,0.0,0.333333,0.041666625,0.041666625,0.1102395277213866,0.2032600366222175,frontier,0,0,True,True,True,True
livecodebench/abc363_f,livecodebench,abc363_f,16,0,0.0,0.041666625,0.1102395277213866,0.0,0.333333,0.041666625,0.041666625,0.1102395277213866,0.2032600366222175,frontier,0,0,True,True,True,True
replicationbench/eht_resolve__eht_ring_size,replicationbench,eht_resolve__eht_ring_size,16,0,0.0,0.041666625,0.1102395277213866,0.0,0.333333,0.041666625,0.041666625,0.1102395277213866,0.1964712777339849,frontier,0,0,True,True,True,True
algotune/algotune-generalized-eigenvalues-complex,algotune,algotune-generalized-eigenvalues-complex,16,0,0.0,0.0282970625,0.0987799221536623,0.0,0.408638,0.0282970625,0.0282970625,0.0987799221536623,0.1904947932832208,frontier,0,0,True,True,True,True
featurebench-modal/huggingface__transformers.e2e8dbed.test_modeling_lightglue.3d3d57cb.lv1,featurebench-modal,huggingface__transformers.e2e8dbed.test_modeling_lightglue.3d3d57cb.lv1,16,0,0.0,0.041666625,0.1102395277213866,0.0,0.333333,0.041666625,0.041666625,0.1102395277213866,0.1889181605096259,frontier,0,0,True,True,True,True
featurebench-modal/mwaskom__seaborn.7001ebe7.test_plot.b645d353.lv2,featurebench-modal,mwaskom__seaborn.7001ebe7.test_plot.b645d353.lv2,16,0,0.0,0.041666625,0.1102395277213866,0.0,0.333333,0.041666625,0.041666625,0.1102395277213866,0.1843851495324008,frontier,0,0,True,True,True,True
algotune/algotune-matrix-sqrt,algotune,algotune-matrix-sqrt,16,0,0.0,0.012786625,0.0473343496018945,0.0,0.195933,0.012786625,0.012786625,0.0473343496018945,0.183307647392381,frontier,0,0,True,True,True,True
gso/gso-pandas-dev--pandas-ccca5df,gso,gso-pandas-dev--pandas-ccca5df,16,0,0.0,0.041666625,0.1102395277213866,0.0,0.333333,0.041666625,0.041666625,0.1102395277213866,0.1815199146876928,frontier,0,0,True,True,True,True
deepsynth/24,deepsynth,24,16,0,0.0,0.02777775,0.08333325,0.0,0.333333,0.02777775,0.02777775,0.08333325,0.1783164439726619,frontier,0,0,True,True,True,True
aider-polyglot/polyglot_python_tree-building,aider-polyglot,polyglot_python_tree-building,16,0,0.0,0.041666625,0.1102395277213866,0.0,0.333333,0.041666625,0.041666625,0.1102395277213866,0.1780228318036905,frontier,0,0,True,True,True,True
algotune/algotune-matrix-exponential,algotune,algotune-matrix-exponential,16,0,0.0,0.0368266875,0.1409087623227876,0.0,0.582528,0.0368266875,0.0368266875,0.1409087623227876,0.1780177222082936,frontier,0,0,True,True,True,True
gaia2/gaia2-cli/0998_zzkcww1uftksx1aichwydu5391h2gfym,gaia2,gaia2-cli/0998_zzkcww1uftksx1aichwydu5391h2gfym,16,0,0.0,0.0078125625,0.0162631457249541,0.0,0.041667,0.0078125625,0.0078125625,0.0162631457249541,0.1776470434202583,frontier,0,0,True,True,False,True
featurebench-modal/mwaskom__seaborn.7001ebe7.test_distributions.f700676d.lv1,featurebench-modal,mwaskom__seaborn.7001ebe7.test_distributions.f700676d.lv1,16,0,0.0,0.0416666875,0.1613743867791287,0.0,0.666667,0.0416666875,0.0416666875,0.1613743867791287,0.1753566620841289,frontier,0,0,True,True,True,True
gso/gso-numpy--numpy-ac5c664,gso,gso-numpy--numpy-ac5c664,16,0,0.0,0.0208333125,0.0806870723588348,0.0,0.333333,0.0208333125,0.0208333125,0.0806870723588348,0.1753566620841289,frontier,0,0,True,True,True,True
reasoning-gym/reasoning-gym-algorithmic-pool-matrix-hard0292e21f-seed45-2,reasoning-gym,reasoning-gym-algorithmic-pool-matrix-hard0292e21f-seed45-2,16,0,0.0,0.0416666875,0.1613743867791287,0.0,0.666667,0.0416666875,0.0416666875,0.1613743867791287,0.1753566620841289,frontier,0,0,True,True,True,True
seal0/58,seal0,58,16,0,0.0,0.0208333125,0.0806870723588348,0.0,0.333333,0.0208333125,0.0208333125,0.0806870723588348,0.1753566620841289,frontier,0,0,True,True,True,True
simpleqa/simpleqa-1749,simpleqa,simpleqa-1749,16,0,0.0,0.0208333125,0.0806870723588348,0.0,0.333333,0.0208333125,0.0208333125,0.0806870723588348,0.1753566620841289,frontier,0,0,True,True,True,True
swe-lancer/14340,swe-lancer,14340,16,0,0.0,0.0208333125,0.0806870723588348,0.0,0.333333,0.0208333125,0.0208333125,0.0806870723588348,0.1753566620841289,frontier,0,0,True,True,True,True
swe-lancer/27353_776,swe-lancer,27353_776,16,0,0.0,0.0416666875,0.1613743867791287,0.0,0.666667,0.0416666875,0.0416666875,0.1613743867791287,0.1753566620841289,frontier,0,0,True,True,True,True
swe-lancer/28148_414,swe-lancer,28148_414,16,0,0.0,0.0208333125,0.0806870723588348,0.0,0.333333,0.0208333125,0.0208333125,0.0806870723588348,0.1753566620841289,frontier,0,0,True,True,True,True
aider-polyglot/polyglot_java_custom-set,aider-polyglot,polyglot_java_custom-set,16,0,0.0,0.0416666875,0.1613743867791287,0.0,0.666667,0.0416666875,0.0416666875,0.1613743867791287,0.1718561691615792,frontier,0,0,True,True,True,True
dacode/dacode-dm-csv-069,dacode,dacode-dm-csv-069,16,0,0.0,0.03125,0.1210307295689817,0.0,0.5,0.03125,0.03125,0.1210307295689817,0.1718561691615792,frontier,0,0,True,True,True,True
featurebench-modal/huggingface__transformers.e2e8dbed.test_modeling_informer.de781186.lv1,featurebench-modal,huggingface__transformers.e2e8dbed.test_modeling_informer.de781186.lv1,16,0,0.0,0.0208333125,0.0806870723588348,0.0,0.333333,0.0208333125,0.0208333125,0.0806870723588348,0.1718561691615792,frontier,0,0,True,True,True,True
gaia2/gaia2-cli/0781_5zicvzatjwmvh9vk23wpmgsyv3wpm04t,gaia2,gaia2-cli/0781_5zicvzatjwmvh9vk23wpmgsyv3wpm04t,16,0,0.0,0.0338541875,0.1311167043868833,0.0,0.541667,0.0338541875,0.0338541875,0.1311167043868833,0.1718561691615792,frontier,0,0,True,True,True,True
scicode/scicode-28,scicode,scicode-28,16,0,0.0,0.013888875,0.0537913815725565,0.0,0.222222,0.013888875,0.013888875,0.0537913815725565,0.1718561691615792,frontier,0,0,True,True,True,True
seal0/29,seal0,29,16,0,0.0,0.0208333125,0.0806870723588348,0.0,0.333333,0.0208333125,0.0208333125,0.0806870723588348,0.1718561691615792,frontier,0,0,True,True,True,True
swebenchpro/instance_flipt-io__flipt-b6cef5cdc0daff3ee99e5974ed60a1dc6b4b0d67,swebenchpro,instance_flipt-io__flipt-b6cef5cdc0daff3ee99e5974ed60a1dc6b4b0d67,16,0,0.0,0.0208333125,0.0806870723588348,0.0,0.333333,0.0208333125,0.0208333125,0.0806870723588348,0.1718561691615792,frontier,0,0,True,True,True,True
swebenchpro/instance_internetarchive__openlibrary-bb152d23c004f3d68986877143bb0f83531fe401-ve8c8d62a2b60610a3c4631f5f23ed866bada9818,swebenchpro,instance_internetarchive__openlibrary-bb152d23c004f3d68986877143bb0f83531fe401-ve8c8d62a2b60610a3c4631f5f23ed866bada9818,16,0,0.0,0.0416666875,0.1613743867791287,0.0,0.666667,0.0416666875,0.0416666875,0.1613743867791287,0.1718561691615792,frontier,0,0,True,True,True,True
swesmith/oauthlib__oauthlib.1fd52536.combine_file__366dyxhy,swesmith,oauthlib__oauthlib.1fd52536.combine_file__366dyxhy,16,0,0.0,0.0208333125,0.0806870723588348,0.0,0.333333,0.0208333125,0.0208333125,0.0806870723588348,0.1718561691615792,frontier,0,0,True,True,True,True
swesmith/oauthlib__oauthlib.1fd52536.combine_file__99t7rutv,swesmith,oauthlib__oauthlib.1fd52536.combine_file__99t7rutv,16,0,0.0,0.0416666875,0.1613743867791287,0.0,0.666667,0.0416666875,0.0416666875,0.1613743867791287,0.1718561691615792,frontier,0,0,True,True,True,True
algotune/algotune-vector-quantization,algotune,algotune-vector-quantization,16,0,0.0,0.0044763125,0.0171995455162293,0.0,0.071088,0.0044763125,0.0044763125,0.0171995455162293,0.1706000135767044,frontier,0,0,True,True,False,True
featurebench-modal/sphinx-doc__sphinx.e347e59c.test_ext_math.96576214.lv1,featurebench-modal,sphinx-doc__sphinx.e347e59c.test_ext_math.96576214.lv1,16,0,0.0,0.041666625,0.1102395277213866,0.0,0.333333,0.041666625,0.041666625,0.1102395277213866,0.1617773748861428,frontier,0,0,True,True,True,True
medagentbench/task7_12,medagentbench,task7_12,16,0,0.0,0.041666625,0.1102395277213866,0.0,0.333333,0.041666625,0.041666625,0.1102395277213866,0.1617773748861428,frontier,0,0,True,True,True,True
gaia/676e5e31-a554-4acc-9286-b60d90a92d26,gaia,676e5e31-a554-4acc-9286-b60d90a92d26,16,0,0.0,0.041666625,0.1102395277213866,0.0,0.333333,0.041666625,0.041666625,0.1102395277213866,0.1543791290642097,frontier,0,0,True,True,True,True
mmau/77175ed4-db9c-4ad3-b8cc-4b328e01d485,mmau,77175ed4-db9c-4ad3-b8cc-4b328e01d485,16,0,0.0,0.041666625,0.1102395277213866,0.0,0.333333,0.041666625,0.041666625,0.1102395277213866,0.1516448261882922,frontier,0,0,True,True,True,True
gaia/50ad0280-0819-4bd9-b275-5de32d3b5bcb,gaia,50ad0280-0819-4bd9-b275-5de32d3b5bcb,16,0,0.0,0.041666625,0.1102395277213866,0.0,0.333333,0.041666625,0.041666625,0.1102395277213866,0.1497801392567825,frontier,0,0,True,True,True,True
swebenchpro/instance_internetarchive__openlibrary-0a90f9f0256e4f933523e9842799e39f95ae29ce-v76304ecdb3a5954fcf13feb710e8c40fcf24b73c,swebenchpro,instance_internetarchive__openlibrary-0a90f9f0256e4f933523e9842799e39f95ae29ce-v76304ecdb3a5954fcf13feb710e8c40fcf24b73c,16,0,0.0,0.0416666875,0.1613743867791287,0.0,0.666667,0.0416666875,0.0416666875,0.1613743867791287,0.1378060034137373,frontier,0,0,True,True,True,True
bixbench/bix-6-q5,bixbench,bix-6-q5,16,0,0.0,0.0208333125,0.0806870723588348,0.0,0.333333,0.0208333125,0.0208333125,0.0806870723588348,0.1378060034137372,frontier,0,0,True,True,True,True
featurebench-modal/huggingface__transformers.e2e8dbed.test_modeling_pixtral.a620bb0b.lv2,featurebench-modal,huggingface__transformers.e2e8dbed.test_modeling_pixtral.a620bb0b.lv2,16,0,0.0,0.0208333125,0.0806870723588348,0.0,0.333333,0.0208333125,0.0208333125,0.0806870723588348,0.1378060034137372,frontier,0,0,True,True,True,True
featurebench-modal/linkedin__liger-kernel.c856fbab.test_fused_neighborhood_attention.78217be4.lv2,featurebench-modal,linkedin__liger-kernel.c856fbab.test_fused_neighborhood_attention.78217be4.lv2,16,0,0.0,0.0208333125,0.0806870723588348,0.0,0.333333,0.0208333125,0.0208333125,0.0806870723588348,0.1378060034137372,frontier,0,0,True,True,True,True
gso/gso-pandas-dev--pandas-233bd83,gso,gso-pandas-dev--pandas-233bd83,16,0,0.0,0.0208333125,0.0806870723588348,0.0,0.333333,0.0208333125,0.0208333125,0.0806870723588348,0.1378060034137372,frontier,0,0,True,True,True,True
spreadsheetbench/49667,spreadsheetbench,49667,16,0,0.0,0.0208333125,0.0806870723588348,0.0,0.333333,0.0208333125,0.0208333125,0.0806870723588348,0.1378060034137372,frontier,0,0,True,True,True,True
terminal-bench/polyglot-c-py,terminal-bench,polyglot-c-py,16,0,0.0,0.0208333125,0.0806870723588348,0.0,0.333333,0.0208333125,0.0208333125,0.0806870723588348,0.1378060034137372,frontier,0,0,True,True,True,True
terminal-bench/video-processing,terminal-bench,video-processing,16,0,0.0,0.0208333125,0.0806870723588348,0.0,0.333333,0.0208333125,0.0208333125,0.0806870723588348,0.1378060034137372,frontier,0,0,True,True,True,True
algotune/algotune-affine-transform-2d,algotune,algotune-affine-transform-2d,16,0,0.0,0.004753625,0.0179608063741407,0.0,0.074296,0.004753625,0.004753625,0.0179608063741407,0.1200780540377216,frontier,0,0,True,True,False,True
algotune/algotune-matrix-multiplication,algotune,algotune-matrix-multiplication,16,0,0.0,0.0258836875,0.0978546971967357,0.0,0.404772,0.0258836875,0.0258836875,0.0978546971967357,0.1199341399593703,frontier,0,0,True,True,True,True
featurebench-modal/huggingface__transformers.e2e8dbed.test_modeling_zoedepth.e19636d3.lv1,featurebench-modal,huggingface__transformers.e2e8dbed.test_modeling_zoedepth.e19636d3.lv1,16,0,0.0,0.0208333125,0.0806870723588348,0.0,0.333333,0.0208333125,0.0208333125,0.0806870723588348,0.1141120698172774,frontier,0,0,True,True,True,True
gaia2/gaia2-cli/0200_ndh9u8xbnpvnqmyy787miw5glb62ecu0,gaia2,gaia2-cli/0200_ndh9u8xbnpvnqmyy787miw5glb62ecu0,16,0,0.0,0.0208333125,0.0806870723588348,0.0,0.333333,0.0208333125,0.0208333125,0.0806870723588348,0.1141120698172774,frontier,0,0,True,True,True,True
hle/hle/hle__6716a68fbb8539339d5d7239,hle,hle/hle__6716a68fbb8539339d5d7239,16,0,0.0,0.0208333125,0.0806870723588348,0.0,0.333333,0.0208333125,0.0208333125,0.0806870723588348,0.1141120698172774,frontier,0,0,True,True,True,True
omnimath/omnimath_3362,omnimath,omnimath_3362,16,0,0.0,0.0208333125,0.0806870723588348,0.0,0.333333,0.0208333125,0.0208333125,0.0806870723588348,0.1141120698172774,frontier,0,0,True,True,True,True
omnimath/omnimath_412,omnimath,omnimath_412,16,0,0.0,0.0208333125,0.0806870723588348,0.0,0.333333,0.0208333125,0.0208333125,0.0806870723588348,0.1141120698172774,frontier,0,0,True,True,True,True
spider2/jira001,spider2,jira001,16,0,0.0,0.041666625,0.1102395277213866,0.0,0.333333,0.041666625,0.041666625,0.1102395277213866,0.1110128690689462,frontier,0,0,True,True,True,True
seal0/42,seal0,42,16,0,0.0,0.041666625,0.1102395277213866,0.0,0.333333,0.041666625,0.041666625,0.1102395277213866,0.0994062777314568,frontier,0,0,True,True,True,True
swtbench/sympy__sympy-13031,swtbench,sympy__sympy-13031,16,0,0.0,0.041666625,0.1102395277213866,0.0,0.333333,0.041666625,0.041666625,0.1102395277213866,0.0956147293687546,frontier,0,0,True,True,True,True
algotune/algotune-sinkhorn,algotune,algotune-sinkhorn,16,0,0.0,0.038383875,0.0944933755514606,0.0,0.332995,0.038383875,0.038383875,0.0944933755514606,0.093808040122239,frontier,0,0,True,True,True,True
aider-polyglot/polyglot_java_series,aider-polyglot,polyglot_java_series,16,0,0.0,0.0208333125,0.0806870723588348,0.0,0.333333,0.0208333125,0.0208333125,0.0806870723588348,0.0930742058979133,frontier,0,0,True,True,True,True
gaia2/gaia2-cli/0720_up5rgapoxep1thccqw0zxs6qzf2pr6kf,gaia2,gaia2-cli/0720_up5rgapoxep1thccqw0zxs6qzf2pr6kf,16,0,0.0,0.00347225,0.0134479664238687,0.0,0.055556,0.00347225,0.00347225,0.0134479664238687,0.0930742058979133,frontier,0,0,True,True,False,True
hle/hle/hle__6738e0e90afc5078575438a9,hle,hle/hle__6738e0e90afc5078575438a9,16,0,0.0,0.0208333125,0.0806870723588348,0.0,0.333333,0.0208333125,0.0208333125,0.0806870723588348,0.0930742058979133,frontier,0,0,True,True,True,True
hle/hle/hle__676d66a775870eef1bf0f9ce,hle,hle/hle__676d66a775870eef1bf0f9ce,16,0,0.0,0.0208333125,0.0806870723588348,0.0,0.333333,0.0208333125,0.0208333125,0.0806870723588348,0.0930742058979133,frontier,0,0,True,True,True,True
labbench/figqa-0137,labbench,figqa-0137,16,0,0.0,0.0208333125,0.0806870723588348,0.0,0.333333,0.0208333125,0.0208333125,0.0806870723588348,0.0930742058979133,frontier,0,0,True,True,True,True
bigcodebench/bigcodebench_82,bigcodebench,bigcodebench_82,16,0,0.0,0.0208333125,0.0806870723588348,0.0,0.333333,0.0208333125,0.0208333125,0.0806870723588348,0.0375603840143773,frontier,0,0,True,True,True,True
bixbench/bix-36-q4,bixbench,bix-36-q4,16,0,0.0,0.0208333125,0.0806870723588348,0.0,0.333333,0.0208333125,0.0208333125,0.0806870723588348,0.0375603840143773,frontier,0,0,True,True,True,True
dacode/dacode-data-wrangling-071,dacode,dacode-data-wrangling-071,16,0,0.0,0.0208333125,0.0806870723588348,0.0,0.333333,0.0208333125,0.0208333125,0.0806870723588348,0.0375603840143773,frontier,0,0,True,True,True,True
featurebench-modal/huggingface__transformers.e2e8dbed.test_candidate_generator.bc0ea399.lv1,featurebench-modal,huggingface__transformers.e2e8dbed.test_candidate_generator.bc0ea399.lv1,16,0,0.0,0.0208333125,0.0806870723588348,0.0,0.333333,0.0208333125,0.0208333125,0.0806870723588348,0.0375603840143773,frontier,0,0,True,True,True,True
featurebench-modal/mlflow__mlflow.93dab383.test_judge_tool_search_traces.cad8fc4b.lv1,featurebench-modal,mlflow__mlflow.93dab383.test_judge_tool_search_traces.cad8fc4b.lv1,16,0,0.0,0.0208333125,0.0806870723588348,0.0,0.333333,0.0208333125,0.0208333125,0.0806870723588348,0.0375603840143773,frontier,0,0,True,True,True,True
gso/gso-pandas-dev--pandas-2cdca01,gso,gso-pandas-dev--pandas-2cdca01,16,0,0.0,0.0208333125,0.0806870723588348,0.0,0.333333,0.0208333125,0.0208333125,0.0806870723588348,0.0375603840143773,frontier,0,0,True,True,True,True
hle/hle/hle__66e8db4fe1e483c59165a247,hle,hle/hle__66e8db4fe1e483c59165a247,16,0,0.0,0.0208333125,0.0806870723588348,0.0,0.333333,0.0208333125,0.0208333125,0.0806870723588348,0.0375603840143773,frontier,0,0,True,True,True,True
replicationbench/galaxy_soptics__fof_optimization_sdss,replicationbench,galaxy_soptics__fof_optimization_sdss,16,0,0.0,0.0208333125,0.0806870723588348,0.0,0.333333,0.0208333125,0.0208333125,0.0806870723588348,0.0375603840143773,frontier,0,0,True,True,True,True
skillsbench/manufacturing-codebook-normalization,skillsbench,manufacturing-codebook-normalization,16,0,0.0,0.0416666875,0.1613743867791287,0.0,0.666667,0.0416666875,0.0416666875,0.1613743867791287,0.0375603840143773,frontier,0,0,True,True,True,True
swesmith/oauthlib__oauthlib.1fd52536.combine_file__b3ju06z6,swesmith,oauthlib__oauthlib.1fd52536.combine_file__b3ju06z6,16,0,0.0,0.0208333125,0.0806870723588348,0.0,0.333333,0.0208333125,0.0208333125,0.0806870723588348,0.0375603840143773,frontier,0,0,True,True,True,True
algotune/algotune-group-lasso,algotune,algotune-group-lasso,16,0,0.0,0.0041095,0.0151661714475011,0.0,0.062824,0.0041095,0.0041095,0.0151661714475011,0.033838502664521,frontier,0,0,True,True,False,True
algotune/algotune-queuing,algotune,algotune-queuing,16,0,0.0,0.00029375,0.0011376888579484,0.0,0.0047,0.00029375,0.00029375,0.0011376888579484,0.0327824591961304,frontier,0,0,True,True,False,True
bfcl/bfcl-parallel-19,bfcl,bfcl-parallel-19,16,0,0.0,0.0208333125,0.0806870723588348,0.0,0.333333,0.0208333125,0.0208333125,0.0806870723588348,0.0327824591961304,frontier,0,0,True,True,True,True
bigcodebench/bigcodebench_574,bigcodebench,bigcodebench_574,16,0,0.0,0.0208333125,0.0806870723588348,0.0,0.333333,0.0208333125,0.0208333125,0.0806870723588348,0.0327824591961304,frontier,0,0,True,True,True,True
