left_benchmark,right_benchmark,median_abs_task_similarity,mean_abs_task_similarity,sampled_left_tasks,sampled_right_tasks
research-code-bench,research-code-bench,1.0,0.9630756941386719,40,40
mmmlu,research-code-bench,0.9870245000271836,0.9683426344984091,40,40
mmmlu,mmmlu,0.9870245000271834,0.9749375768689412,40,40
humanevalfix,humanevalfix,0.9035130627996435,0.8649941148508434,40,40
arc-agi-2,arc-agi-2,0.7641284956515015,0.7521994033460517,40,40
financeagent_terminal,financeagent_terminal,0.7079711701472158,0.7025277148688107,40,40
aider-polyglot,arc-agi-2,0.6701226080654165,0.6638990606782817,40,40
aider-polyglot,aider-polyglot,0.656995698731419,0.6434628384557753,40,40
compilebench,humanevalfix,0.6454972969863111,0.6210695673516922,15,40
compilebench,compilebench,0.6454972969863109,0.6231946741582958,15,15
widesearch,widesearch,0.6443134061582283,0.6162941003960534,40,40
swebench-verified,swebench-verified,0.6439576123724381,0.6113911875389376,40,40
livecodebench,livecodebench,0.6347634398886107,0.6183237948058645,40,40
usaco,usaco,0.6266946118016091,0.634207760835026,40,40
swebench-multilingual,swebench-verified,0.6173264328495786,0.5879583214951367,40,40
compilebench,swebench-verified,0.6091509190811266,0.5875310293118026,15,40
humanevalfix,sldbench,0.6067158979075604,0.5502287538409666,40,8
arc-agi-2,hle,0.5973036750111071,0.5603348732493958,40,40
financeagent_terminal,gso,0.5900391563148197,0.5740177554411107,40,40
aider-polyglot,financeagent_terminal,0.589196915059581,0.5699200635192091,40,40
labbench,labbench,0.5889749890894231,0.576486833387852,40,40
aider-polyglot,hle,0.5861318323666692,0.5512877044203555,40,40
arc-agi-2,terminal-bench,0.5860790741418163,0.5403899171979027,40,40
compilebench,lawbench,0.5854712740411543,0.5574800392904692,15,40
humanevalfix,quixbugs,0.5822088372050269,0.5473466316368965,40,40
scicode,scicode,0.5819489340782129,0.5650295746555692,40,40
sldbench,sldbench,0.5813817893542025,0.5422375192991685,8,8
gso,gso,0.5805307731794467,0.5653648541827336,40,40
financeagent_terminal,widesearch,0.5764199280999027,0.5598188541583023,40,40
arc-agi-2,gso,0.5740565453486238,0.5519924109000072,40,40
crustbench,crustbench,0.5728222040142915,0.5710806364032224,40,40
swebench-multilingual,swebench-multilingual,0.5721922208694443,0.5628906683447386,40,40
compilebench,widesearch,0.571700093915564,0.542814659496909,15,40
lawbench,lawbench,0.5688554669780103,0.5342613418547074,40,40
livecodebench,usaco,0.5683352431151232,0.5528396521769906,40,40
swebenchpro,widesearch,0.5680613942266374,0.5542081450392052,40,40
aider-polyglot,terminal-bench,0.564850808132117,0.5297613524518405,40,40
swebenchpro,swebenchpro,0.5645848676693904,0.5448264639001034,40,40
financeagent_terminal,swebenchpro,0.5620488681074404,0.5313825554847219,40,40
swebench-verified,widesearch,0.5610882353618821,0.5344922855041991,40,40
aider-polyglot,gso,0.5597051758065346,0.533530190343533,40,40
arc-agi-2,financeagent_terminal,0.5564861490630663,0.5462197219990725,40,40
compilebench,swebench-multilingual,0.5543200344220226,0.5559745755402586,15,40
lawbench,swebench-verified,0.5526220526231901,0.5359963127169196,40,40
financeagent_terminal,terminal-bench,0.5510635264656422,0.5265904128571015,40,40
financeagent_terminal,hle,0.5499174280689771,0.5242827914686962,40,40
arc-agi-2,spreadsheetbench,0.5474292421838827,0.5235938093237651,40,40
aider-polyglot,livecodebench,0.5469600722482812,0.5264040306028321,40,40
aider-polyglot,widesearch,0.5436638458918874,0.5308924961643027,40,40
gaia2,gaia2,0.543575678097949,0.5365881217658036,40,40
spreadsheetbench,swebench-verified,0.5425719957676025,0.5207104651238091,40,40
quixbugs,widesearch,0.541450964430343,0.5255732453379703,40,40
kumo,swebench-verified,0.5413144443683747,0.5056433448504776,40,40
quixbugs,quixbugs,0.5412007728729695,0.5567532236724229,40,40
gso,spreadsheetbench,0.5397386024708473,0.516763821856444,40,40
compilebench,sldbench,0.53878461679576,0.5399358091939084,15,8
financeagent_terminal,gaia2,0.5382133646554176,0.5287565146277595,40,40
arc-agi-2,featurebench-modal,0.5364331338653409,0.49904251030291463,40,40
lawbench,widesearch,0.5360826252990274,0.5285577251591467,40,40
gaia2,gso,0.5357337970615068,0.5122572241591536,40,40
financeagent_terminal,gaia,0.5349920444969123,0.5134612305378503,40,40
hle,hle,0.534724091783715,0.5097160313436842,40,40
deepsynth,financeagent_terminal,0.5338586490939414,0.51191343170926,35,40
lawbench,swebench-multilingual,0.5335574868686788,0.5104789204189968,40,40
arc-agi-2,widesearch,0.5298242507302079,0.5299649257681456,40,40
crustbench,widesearch,0.5287305430033391,0.5186724224359003,40,40
sldbench,widesearch,0.5259075772917219,0.4975924864894338,8,40
featurebench-modal,financeagent_terminal,0.524488012240762,0.5049205221901969,40,40
kumo,widesearch,0.5240273789884784,0.5064682725747334,40,40
spreadsheetbench,swebench-multilingual,0.5232660264652093,0.5037370115806693,40,40
arc-agi-2,replicationbench,0.523145045187906,0.5198346430800905,40,40
gso,swebenchpro,0.5226832328918074,0.4989295373761636,40,40
humanevalfix,lawbench,0.5225588743275362,0.5179562068993362,40,40
replicationbench,replicationbench,0.521324342700527,0.5149185136771257,40,40
terminal-bench,widesearch,0.5210676582078315,0.5017505703504557,40,40
gso,terminal-bench,0.5193543421998712,0.48707263637385795,40,40
sldbench,swebench-verified,0.5173262381845838,0.4953344065736204,8,40
arc-agi-2,deepsynth,0.5170576396784494,0.4920793100351966,40,35
labbench,mmmlu,0.5168487392681635,0.5051414657717269,40,40
labbench,research-code-bench,0.5163977794943222,0.510511362986002,40,40
arc-agi-2,swebench-multilingual,0.5143445180389074,0.5044031782461396,40,40
compilebench,kumo,0.5142721458607005,0.49278315338937395,15,40
crustbench,financeagent_terminal,0.513690942184752,0.4855305812281705,40,40
gso,swebench-verified,0.5128352881428254,0.5014418893892814,40,40
spreadsheetbench,spreadsheetbench,0.5128195264089339,0.5017845330108295,40,40
financeagent_terminal,spreadsheetbench,0.5122541982869762,0.4983884900346438,40,40
hle,widesearch,0.5118938876263945,0.48738361475761466,40,40
swebench-multilingual,widesearch,0.5103581024093234,0.4947129843082104,40,40
gaia2,swebenchpro,0.509743936532991,0.48509046574909176,40,40
lawbench,scicode,0.5094713891924361,0.4952732069414475,40,40
financeagent_terminal,swtbench,0.5085139089216455,0.49192324616541483,40,40
aider-polyglot,swtbench,0.5069960169569918,0.4828048125787188,40,40
gaia2,spreadsheetbench,0.5060606290294771,0.4812258005536091,40,40
lawbench,quixbugs,0.5041829123536627,0.4825970521911634,40,40
arc-agi-2,swebench-verified,0.5039526871735718,0.495634516110695,40,40
aider-polyglot,gpqa-diamond,0.5035536242990415,0.48358293144041964,40,40
gso,swebench-multilingual,0.5033522529586008,0.49088167200877125,40,40
aider-polyglot,crustbench,0.5018861757970902,0.4911154647844689,40,40
swebench-verified,swebenchpro,0.501364068201001,0.4805509482955128,40,40
swtbench,widesearch,0.5012337340146283,0.4844720622512678,40,40
sldbench,swebench-multilingual,0.5011513320639236,0.4671102071293083,8,40
aider-polyglot,swebenchpro,0.5006859542007405,0.4781734768695809,40,40
arc-agi-2,swtbench,0.5006731104149726,0.47166666145646075,40,40
kumo,kumo,0.5000525226289472,0.49460560554968325,40,40
crustbench,swebench-verified,0.4998803823114718,0.48799612719252394,40,40
gso,widesearch,0.49933548733836286,0.4957936423409241,40,40
humanevalfix,scicode,0.4992731266642591,0.5082362488403627,40,40
aider-polyglot,spreadsheetbench,0.49912634904327857,0.4833374888585131,40,40
aider-polyglot,swebench-verified,0.4968818695567329,0.485511538527933,40,40
arc-agi-2,gpqa-diamond,0.49687874549896116,0.488099577351629,40,40
compilebench,quixbugs,0.49618601954933617,0.5207941212063301,15,40
lawbench,sldbench,0.49604773907589217,0.48813415233356905,40,8
financeagent_terminal,gpqa-diamond,0.49561680784650064,0.468351425132388,40,40
quixbugs,sldbench,0.4955727224468671,0.523502284486393,40,8
aider-polyglot,swebench-multilingual,0.4946052642343274,0.4873052872954783,40,40
swebench-verified,terminal-bench,0.494600836178531,0.46223741706675914,40,40
financeagent_terminal,swebench-verified,0.4938680884263532,0.4745538540153367,40,40
terminal-bench,terminal-bench,0.49380135500545685,0.4683921680884806,40,40
arc-agi-2,pixiu,0.49369624693550773,0.4750596000637068,40,40
gaia2,swebench-verified,0.49348303807265026,0.4679031473311263,40,40
aider-polyglot,deepsynth,0.4934134527154743,0.48539766447720745,40,35
financeagent_terminal,livecodebench,0.4930410519271897,0.4852955847062815,40,40
spreadsheetbench,widesearch,0.49277811685237183,0.48508043337240514,40,40
arc-agi-2,skillsbench,0.49249675076524535,0.47565439532153037,40,40
gaia2,widesearch,0.49245068712190454,0.4838479210673961,40,40
featurebench-modal,featurebench-modal,0.4917246311296307,0.49188737903352686,40,40
crustbench,swebenchpro,0.49077779329171883,0.4816254486104411,40,40
featurebench-modal,gso,0.4898877424723444,0.46660580561405995,40,40
arc-agi-2,swebenchpro,0.4879642768261113,0.4622775098353381,40,40
kumo,swebench-multilingual,0.4875380725201086,0.47280526074046136,40,40
hle,livecodebench,0.4869978781760904,0.462713137038007,40,40
aider-polyglot,featurebench-modal,0.48666344529550853,0.46335258791002665,40,40
swebench-multilingual,terminal-bench,0.48614292765295536,0.4570532789859169,40,40
aider-polyglot,replicationbench,0.48494668571008237,0.4881767488593674,40,40
compilebench,crustbench,0.48414527373726113,0.4940051941603696,15,40
dacode,swebench-verified,0.4831041634329692,0.47540353787127204,40,40
hle,terminal-bench,0.48168584178802576,0.4581180043960107,40,40
swebenchpro,terminal-bench,0.4812422369357045,0.4613613165247732,40,40
gso,hle,0.4805707333110879,0.45402721389895434,40,40
quixbugs,swebench-verified,0.4795370752931384,0.4718251068743728,40,40
financeagent_terminal,swebench-multilingual,0.4787999432625435,0.4619333660114816,40,40
quixbugs,swebenchpro,0.47834255299926665,0.46568590176062985,40,40
deepsynth,gso,0.47763629096776794,0.45384558669531955,35,40
crustbench,humanevalfix,0.47695256334831376,0.4513614894573314,40,40
compilebench,scicode,0.47660197469171106,0.4655990022957661,15,40
medagentbench,medagentbench,0.4764896170829983,0.4695722769651012,40,40
kumo,quixbugs,0.47623744045781596,0.48502511732247555,40,40
gaia,widesearch,0.4756483394015257,0.4521321368279112,40,40
sldbench,swebenchpro,0.4747516386406999,0.4527502833324961,8,40
arc-agi-2,lawbench,0.4745412058877567,0.4837428780469368,40,40
lawbench,spreadsheetbench,0.4736046759907409,0.4742801863087026,40,40
gpqa-diamond,hle,0.4733589560838112,0.4568647345790028,40,40
dacode,financeagent_terminal,0.4725369098749619,0.45211177701916155,40,40
arc-agi-2,livecodebench,0.47169533294342847,0.46409478895094197,40,40
arc-agi-2,crustbench,0.47063741089600697,0.467541421035316,40,40
simpleqa,simpleqa,0.4705807086899173,0.4596672922121474,40,40
kumo,lawbench,0.46963925365626247,0.46283380474603547,40,40
compilebench,spreadsheetbench,0.4686981845088851,0.47471559649731926,15,40
aider-polyglot,skillsbench,0.4686157307717035,0.4684361128624158,40,40
featurebench-modal,gaia2,0.4684754705246903,0.46062997849673254,40,40
featurebench-modal,spreadsheetbench,0.4684003447806073,0.44351631445983103,40,40
crustbench,terminal-bench,0.46834546490856044,0.4534800904256046,40,40
kumo,sldbench,0.46822670952433015,0.46768554668541107,40,8
spreadsheetbench,terminal-bench,0.4679074682649331,0.45939945540175303,40,40
spreadsheetbench,swebenchpro,0.4673967352847996,0.45710042001372275,40,40
crustbench,swebench-multilingual,0.46676733545944554,0.4542535789088305,40,40
gso,swtbench,0.46635207404564627,0.4519232829696992,40,40
financeagent_terminal,lawbench,0.46580458077488895,0.453965498325193,40,40
gaia,gaia,0.4655270143666078,0.44742773237263594,40,40
medagentbench,widesearch,0.4654480386489067,0.4616004607682831,40,40
kumo,swebenchpro,0.4644795984310093,0.45368460871027433,40,40
arc-agi-2,dacode,0.463348625677839,0.4396700290154364,40,40
gpqa-diamond,livecodebench,0.46239654787541157,0.45024546705908874,40,40
skillsbench,skillsbench,0.46211442632939315,0.4577378214302845,40,40
dacode,gso,0.4620105734225429,0.4414150147199817,40,40
arc-agi-2,qcircuitbench,0.46189145311192403,0.4469414543026047,40,25
swtbench,swtbench,0.46178504518290614,0.444801407570569,40,40
swebench-multilingual,swebenchpro,0.4615034693679222,0.44199137455035753,40,40
humanevalfix,widesearch,0.4610752470871781,0.47188379252179613,40,40
aa-lcr,widesearch,0.46067333592102766,0.43953170925777213,40,40
featurebench-modal,widesearch,0.46050477636563597,0.4437605980615327,40,40
spider2,swebench-verified,0.460416000530803,0.4592137755829276,36,40
lawbench,terminal-bench,0.45997374191076357,0.4483569216197769,40,40
aider-polyglot,dacode,0.45962444011766296,0.4428415602493743,40,40
swesmith,swesmith,0.4594378772196098,0.4518283603793396,40,40
compilebench,swebenchpro,0.459349264936797,0.46211586598284565,15,40
crustbench,gso,0.45931512525352647,0.45117962417907864,40,40
dacode,swebench-multilingual,0.45931512525352647,0.45583074862898487,40,40
gaia2,swebench-multilingual,0.4585269350930427,0.4357221875767995,40,40
hle,replicationbench,0.45810953199880233,0.44622439548619014,40,40
scicode,widesearch,0.45774872287615553,0.44877780155182345,40,40
financeagent_terminal,skillsbench,0.4571412194298805,0.4354819208125177,40,40
aider-polyglot,pixiu,0.4571021169423928,0.4473406012930933,40,40
gso,skillsbench,0.4570446773312395,0.45027743368303624,40,40
crustbench,lawbench,0.45684171485606895,0.4524992521391164,40,40
deepsynth,hle,0.4564648396988281,0.44697240474986677,35,40
crustbench,replicationbench,0.4563440321426892,0.46937201398223904,40,40
aider-polyglot,gaia2,0.4561953904081538,0.44474942422224345,40,40
crustbench,kumo,0.4561673927568102,0.44777038104509165,40,40
algotune,financeagent_terminal,0.4558898005146197,0.45247334040890913,40,40
swtbench,terminal-bench,0.4557502200157397,0.4418260779279494,40,40
crustbench,quixbugs,0.45510319377401665,0.464493021845856,40,40
dacode,widesearch,0.45508673051783616,0.45053832844747793,40,40
aider-polyglot,lawbench,0.4549173803092455,0.4544974626664087,40,40
arc-agi-2,medagentbench,0.4544348796285288,0.44718493071634013,40,40
swebench-verified,swtbench,0.45423058534905136,0.44076188899464164,40,40
swebenchpro,swtbench,0.45394036740188315,0.4434724729641556,40,40
aider-polyglot,quixbugs,0.4528282055095946,0.4409840264155585,40,40
featurebench-modal,terminal-bench,0.4523826661679907,0.4328304835465845,40,40
qcircuitbench,swebench-verified,0.4512824335804658,0.44078047032478473,25,40
skillsbench,widesearch,0.4510141086005084,0.45022569030091875,40,40
aider-polyglot,compilebench,0.4490583153341263,0.44219766547094974,40,15
arc-agi-2,gaia2,0.4485487685702024,0.440818699942095,40,40
quixbugs,swebench-multilingual,0.4482371404600211,0.4486824764086403,40,40
crustbench,sldbench,0.44811176190177104,0.453047857250767,40,8
skillsbench,swebenchpro,0.4479697701697965,0.4388572207838514,40,40
livecodebench,terminal-bench,0.44721364581140155,0.4317517100804813,40,40
compilebench,terminal-bench,0.44721339425373846,0.4378130625423016,15,40
financeagent_terminal,quixbugs,0.4471175969762473,0.4357602260048345,40,40
deepsynth,widesearch,0.446651192645219,0.44323114215767245,35,40
featurebench-modal,swebenchpro,0.4462276366049648,0.4253889768832657,40,40
gaia2,terminal-bench,0.4460711624404712,0.4299886404683502,40,40
gpqa-diamond,widesearch,0.4454410213507857,0.4222333372024984,40,40
gso,lawbench,0.445307078391459,0.4459903816034884,40,40
quixbugs,terminal-bench,0.44474949163855176,0.41964660586558034,40,40
arc-agi-2,swe-lancer,0.4444464907153842,0.4308930974023211,40,40
gaia2,swesmith,0.44269115505955486,0.43219035323056404,40,40
aider-polyglot,spider2,0.44244017303423677,0.4275869557939259,40,36
lawbench,qcircuitbench,0.44167180887553426,0.4371138656088699,40,25
aa-lcr,aider-polyglot,0.440303803156479,0.4260970134497805,40,40
qcircuitbench,swebench-multilingual,0.43966143422214543,0.43388414459085106,25,40
aa-lcr,arc-agi-2,0.4395092758883133,0.41528653660446435,40,40
swebench-multilingual,swtbench,0.43896252380809475,0.4310360736041558,40,40
arc-agi-2,spider2,0.43895562906950475,0.43679949761284215,40,36
compilebench,qcircuitbench,0.4388354795147825,0.45159830394329736,15,25
financeagent_terminal,medagentbench,0.43878288826224054,0.4327746326479767,40,40
hle,swebenchpro,0.43873734971637346,0.42210318708668254,40,40
deepsynth,featurebench-modal,0.43863157673503383,0.4275847788288604,35,40
dacode,spreadsheetbench,0.43837014911852973,0.43723167604509144,40,40
qcircuitbench,widesearch,0.43813516901539284,0.43153964604681616,25,40
humanevalfix,swebench-verified,0.4373142656619631,0.44366858116364105,40,40
hle,swtbench,0.43712750124878164,0.42433399503193625,40,40
spreadsheetbench,swtbench,0.4367104316669621,0.42620479437463943,40,40
deepsynth,replicationbench,0.4366368494831848,0.4268807516561216,35,40
lawbench,swebenchpro,0.4361476191744602,0.4351604017353637,40,40
kumo,spreadsheetbench,0.4356232940815807,0.423848331768131,40,40
financeagent_terminal,kumo,0.43511017506123617,0.4234218318788743,40,40
spider2,widesearch,0.4348862161628254,0.4333773151591992,36,40
spreadsheetbench,swesmith,0.43378276658430287,0.41539473908313485,40,40
dacode,lawbench,0.43356589136887325,0.4256390697459982,40,40
lawbench,medagentbench,0.4334046197762458,0.4387566458554737,40,40
livecodebench,widesearch,0.43317773339041227,0.4320828823195969,40,40
aa-lcr,financeagent_terminal,0.433080282272563,0.4207876596599239,40,40
spider2,spreadsheetbench,0.4327836432484945,0.4271276391805608,36,40
featurebench-modal,hle,0.4324871289046138,0.41448566425083455,40,40
dacode,gaia2,0.4323149555406105,0.4201258775670597,40,40
humanevalfix,livecodebench,0.43225705817725757,0.44672538826963687,40,40
gaia,hle,0.432231673097007,0.42116662679362593,40,40
gpqa-diamond,gpqa-diamond,0.4319623866450604,0.4267017126790825,40,40
arc-agi-2,swesmith,0.4319224501457867,0.41335715780379717,40,40
crustbench,livecodebench,0.4317653965976465,0.43906899139682315,40,40
crustbench,swtbench,0.43169423408709445,0.4185041643364296,40,40
aider-polyglot,qcircuitbench,0.4310248320735504,0.4256973742248405,40,25
financeagent_terminal,replicationbench,0.4303870083973661,0.4311012955082184,40,40
crustbench,spreadsheetbench,0.430307056239156,0.4210428190236519,40,40
livecodebench,quixbugs,0.4301221672205007,0.4342359075791687,40,40
gso,spider2,0.4301167571023641,0.4242460148205955,40,36
kumo,medagentbench,0.4296689045923874,0.4254896858943384,40,40
featurebench-modal,gaia,0.42901935940701585,0.4081555446423482,40,40
mmmlu,simpleqa,0.4288450749346161,0.41928497320044983,40,40
research-code-bench,simpleqa,0.4288450749346161,0.41761640741399475,40,40
spider2,swebench-multilingual,0.4279305794363696,0.4331983835979993,36,40
deepsynth,terminal-bench,0.42780708590394834,0.434257858271089,35,40
aime,financeagent_terminal,0.4273541511620748,0.4250885625398196,40,40
skillsbench,terminal-bench,0.4269440683704664,0.4239595905736918,40,40
hle,spreadsheetbench,0.4268081187262235,0.42715285458293506,40,40
financeagent_terminal,swesmith,0.4267943227879768,0.4194177442338699,40,40
gaia,swebenchpro,0.4267567655180844,0.41583268082367875,40,40
gaia2,spider2,0.42666123245503973,0.41708708915375403,40,36
humanevalfix,usaco,0.42656174586676193,0.40992893026127825,40,40
compilebench,gso,0.42640135276087104,0.4378417551674611,15,40
arc-agi-2,gaia,0.4261953365776183,0.42646432910611765,40,40
sldbench,spreadsheetbench,0.425869654874409,0.4105882061644162,8,40
deepsynth,gaia2,0.4257468180869044,0.4146033309582994,35,40
crustbench,hle,0.4252192378343494,0.41071842500932926,40,40
spider2,swebenchpro,0.42484661190053485,0.41546344665928014,36,40
medagentbench,swebench-verified,0.42478054004945026,0.41322668267789625,40,40
aider-polyglot,swe-lancer,0.4244054087987506,0.41955575492876546,40,40
kumo,terminal-bench,0.42431951338830703,0.40838172188966704,40,40
dacode,swebenchpro,0.4242731920679882,0.41921902931813365,40,40
arc-agi-2,omnimath,0.4235970274910469,0.4024440644757965,40,40
deepsynth,deepsynth,0.4231263859653492,0.4203491515799411,35,35
arc-agi-2,compilebench,0.4229177085349189,0.4468773539377254,40,15
cybergym,sldbench,0.42214524603385983,0.461454063712189,10,8
scicode,sldbench,0.42177659998917355,0.41502768421864766,40,8
aa-lcr,swebenchpro,0.4215780307349508,0.40751556705209935,40,40
financeagent_terminal,scicode,0.421386726423972,0.41363774060765385,40,40
cybergym,widesearch,0.42123975644594314,0.4166518138986167,10,40
sldbench,terminal-bench,0.4206448456578554,0.3915013952580989,8,40
gpqa-diamond,gso,0.419745238600519,0.4130281281986089,40,40
gpqa-diamond,replicationbench,0.4197003756332708,0.41287822366682275,40,40
replicationbench,terminal-bench,0.4195154666026061,0.4140653881413531,40,40
hle,lawbench,0.4194004554536875,0.4142569493238429,40,40
crustbench,skillsbench,0.41938309529359263,0.42202473625096737,40,40
gso,quixbugs,0.4188386573887534,0.41855491464526695,40,40
replicationbench,widesearch,0.4188335646410952,0.4186413397307709,40,40
dacode,terminal-bench,0.41813119620477696,0.41526081282044447,40,40
gaia2,swtbench,0.4180590116403574,0.4059150256807102,40,40
gso,livecodebench,0.4178445048981819,0.41895414160227545,40,40
aa-lcr,swebench-verified,0.41757694534084056,0.40591400040516457,40,40
hle,swebench-multilingual,0.4172281542923246,0.4019623151182946,40,40
algotune,gso,0.4172137161872477,0.41242763443026953,40,40
crustbench,featurebench-modal,0.4169540411456067,0.40319204112555207,40,40
aider-polyglot,sldbench,0.41666898852891154,0.39562929226116217,40,8
livecodebench,swebenchpro,0.4166125359570947,0.39960176188704666,40,40
aider-polyglot,gaia,0.4165879380530461,0.41714250051211804,40,40
featurebench-modal,skillsbench,0.41600140922852313,0.4012319755504275,40,40
gaia2,skillsbench,0.41577937587178215,0.40183951847675486,40,40
medagentbench,scicode,0.41560075371155913,0.41219743297397005,40,40
quixbugs,scicode,0.41559887473611823,0.4174972403070351,40,40
compilebench,dacode,0.4155341211899565,0.43784833901218395,15,40
gaia2,lawbench,0.41513785519228014,0.4110717494821961,40,40
crustbench,deepsynth,0.4150567685206291,0.41816618374566294,40,35
financeagent_terminal,spider2,0.4149357247632115,0.4120969310135114,40,36
compilebench,financeagent_terminal,0.4148707406650928,0.3988346107282417,15,40
hle,swebench-verified,0.41476886338876945,0.4025310271998863,40,40
aider-polyglot,kumo,0.41469807357990296,0.4238604418035807,40,40
medagentbench,spreadsheetbench,0.41420381045478305,0.4067791016992224,40,40
financeagent_terminal,sldbench,0.41402401690163343,0.38782236400608017,40,8
aider-polyglot,algotune,0.41379888833769196,0.41595764666834106,40,40
gpqa-diamond,terminal-bench,0.4132127924861849,0.4081537575113797,40,40
qcircuitbench,scicode,0.412894860521105,0.4151646075034205,25,40
lawbench,spider2,0.4128218623809381,0.4162672779552773,40,36
gso,swesmith,0.4121239202653382,0.40825472935759244,40,40
gso,pixiu,0.4118816681548121,0.4065094869679392,40,40
gso,replicationbench,0.4114756133697838,0.41053530034933694,40,40
crustbench,dacode,0.4113628101707246,0.4167794144586439,40,40
arc-agi-2,bixbench,0.4111734742981419,0.4149105108892576,40,39
quixbugs,spreadsheetbench,0.4111733776624163,0.4071579102277342,40,40
spider2,terminal-bench,0.4110922469596654,0.40124476819283594,36,40
deepsynth,swebenchpro,0.41103886569736936,0.4168665223384742,35,40
gaia,gaia2,0.4109356596134026,0.41290541489779303,40,40
compilebench,swtbench,0.4108688119922544,0.4125845791346554,15,40
humanevalfix,swebench-multilingual,0.4104210802720139,0.41389416484063085,40,40
simpleqa,swebenchpro,0.4103824949092618,0.4074198560558683,40,40
crustbench,gaia2,0.4103432165180826,0.40189990737387943,40,40
aa-lcr,kumo,0.41020936564059446,0.3998516390179627,40,40
labbench,simpleqa,0.4101754921052663,0.38727571280224604,40,40
gaia2,sldbench,0.41009011112607496,0.3974019700182003,40,8
arc-agi-2,quixbugs,0.4099131619320271,0.4161071617366976,40,40
gso,qcircuitbench,0.4095936733821067,0.40008334392975575,40,25
scicode,swebench-multilingual,0.40949623254213297,0.40250243970652405,40,40
deepsynth,spreadsheetbench,0.40944911702058406,0.41907919942984156,35,40
crustbench,qcircuitbench,0.4093832013972847,0.39559341153121885,40,25
lawbench,swtbench,0.40900208490029766,0.4042868053200113,40,40
cybergym,swebench-verified,0.4089641932411233,0.4179974628612259,10,40
replicationbench,skillsbench,0.408555759818579,0.4134785686952814,40,40
compilebench,gaia2,0.4079716094523125,0.40703583789293196,15,40
medagentbench,terminal-bench,0.4073121026136506,0.40067513222833234,40,40
arc-agi-2,kumo,0.4072489259781045,0.42280878263012833,40,40
scicode,swebench-verified,0.4071522057941492,0.4072672838170562,40,40
medagentbench,swebench-multilingual,0.4070912108799968,0.39918001984494667,40,40
gso,kumo,0.40706012905780525,0.40404806372265445,40,40
financeagent_terminal,swe-lancer,0.4065255118291866,0.3998701929414324,40,40
hle,skillsbench,0.4062680023212084,0.40377678232822106,40,40
gaia,gso,0.4058272274881344,0.3999248297521297,40,40
featurebench-modal,swtbench,0.40529935155581553,0.3880139819872515,40,40
gaia2,quixbugs,0.40510925364801875,0.39533810613375847,40,40
algotune,arc-agi-2,0.40507974456855034,0.39984580070467507,40,40
aider-polyglot,swesmith,0.4050466152896294,0.3924239554378691,40,40
skillsbench,swebench-verified,0.4041407383835404,0.4046180041751156,40,40
deepsynth,gaia,0.4039630183943561,0.39901108045864436,35,40
arc-agi-2,scicode,0.40366982213122116,0.4040462638855522,40,40
livecodebench,swtbench,0.4036008629202402,0.4015363879525524,40,40
qcircuitbench,terminal-bench,0.4035543069801847,0.3925744850994954,25,40
featurebench-modal,swebench-verified,0.40339254608185665,0.3928013472380589,40,40
featurebench-modal,swebench-multilingual,0.4032459919257863,0.3813406025557923,40,40
labbench,replicationbench,0.40322786187210363,0.39331401076821515,40,40
gso,sldbench,0.40290788632682495,0.39807542451958416,40,8
qcircuitbench,sldbench,0.40272701087008345,0.4030750065119004,25,8
aider-polyglot,medagentbench,0.4023738918512259,0.39527243479900365,40,40
hle,pixiu,0.40128615116940536,0.39841737000423577,40,40
swebench-verified,swesmith,0.40118112001691597,0.3919559923113279,40,40
gaia,terminal-bench,0.40116299063836813,0.3977187007118787,40,40
featurebench-modal,medagentbench,0.4010300333910707,0.3901576632281942,40,40
pixiu,swebench-multilingual,0.4008918583943599,0.40096051164072327,40,40
aa-lcr,hle,0.40081775481716353,0.39829023064903596,40,40
gaia2,hle,0.40042573057447933,0.3944461386305717,40,40
qcircuitbench,quixbugs,0.39993246960006684,0.40875079005945214,25,40
gaia2,kumo,0.3999147036064459,0.4056052555675674,40,40
deepsynth,lawbench,0.399686441984098,0.40178349042551403,35,40
algotune,widesearch,0.3994184572515117,0.39997267068127146,40,40
deepsynth,swebench-verified,0.3989896329300021,0.4059825266432935,35,40
aa-lcr,aa-lcr,0.3989585579961339,0.4006729649931241,40,40
humanevalfix,qcircuitbench,0.39835762332030383,0.41079823597299203,40,25
crustbench,medagentbench,0.3976652728657638,0.3903659277476595,40,40
aider-polyglot,usaco,0.39763058688674435,0.3880354741591522,40,40
skillsbench,spreadsheetbench,0.39729643752386523,0.3961375586038332,40,40
hle,quixbugs,0.39720166061457074,0.38299354253768686,40,40
quixbugs,swtbench,0.39720166061457074,0.38910493683134817,40,40
deepsynth,livecodebench,0.3968441666994172,0.40674811137107353,35,40
algotune,livecodebench,0.39667734273833577,0.3954100433525315,40,40
financeagent_terminal,pixiu,0.39624845151904997,0.40112243645782797,40,40
dacode,kumo,0.3944412008281367,0.4051418872184441,40,40
financeagent_terminal,qcircuitbench,0.3943726004505705,0.3879602612098951,40,25
qcircuitbench,spreadsheetbench,0.39429290393549715,0.393727391158539,25,40
dacode,hle,0.39428482708836043,0.3861737296113692,40,40
deepsynth,swtbench,0.39393090984852636,0.394104945894783,35,40
crustbench,spider2,0.39354903811966696,0.39186991066259125,40,36
medagentbench,sldbench,0.3935437971941139,0.39803647554118504,40,8
deepsynth,gpqa-diamond,0.3932903757904061,0.3964187063968583,35,40
scicode,spreadsheetbench,0.3931758056391197,0.3793300541476309,40,40
dacode,dacode,0.3929250834687944,0.3979636799123003,40,40
gaia,medagentbench,0.39284747211861154,0.39513247558737574,40,40
featurebench-modal,lawbench,0.39213094072522475,0.38712548024638127,40,40
kumo,swtbench,0.3917482201619241,0.37742293117008613,40,40
dacode,sldbench,0.3916529174791036,0.4012912539176149,40,8
compilebench,spider2,0.3916112166208078,0.4307389384901815,15,36
cybergym,quixbugs,0.3914920276716025,0.44730394273555246,10,40
aider-polyglot,bixbench,0.39147999228205765,0.4087483654642031,40,39
dacode,swtbench,0.3912234899105464,0.3855381884914776,40,40
skillsbench,swebench-multilingual,0.39112395013547857,0.40166647406025874,40,40
scicode,terminal-bench,0.3908557261850131,0.3877952837480669,40,40
crustbench,scicode,0.39003734217921704,0.3869801029733913,40,40
aider-polyglot,seal0,0.3899679396649204,0.3861842454550668,40,40
pixiu,widesearch,0.3899244718071183,0.3971022797747814,40,40
featurebench-modal,swesmith,0.38975888023618865,0.38496035674222084,40,40
aime,aime,0.38965043773420815,0.40016803027597936,40,40
hle,medagentbench,0.38948613691855255,0.38562318069138724,40,40
cybergym,lawbench,0.38886144450204574,0.40903884300500687,10,40
deepsynth,swebench-multilingual,0.38845530114637206,0.39891011286142536,35,40
pixiu,swebench-verified,0.38816718318096904,0.4014674907522351,40,40
simpleqa,widesearch,0.3876109882407348,0.38981158390241616,40,40
replicationbench,swebenchpro,0.3875275721888354,0.38538244395148324,40,40
kumo,simpleqa,0.38719352143677344,0.3686669667327999,40,40
dacode,spider2,0.38678853369547234,0.3917229424761088,40,36
aa-lcr,terminal-bench,0.3863436114780828,0.38370649257826345,40,40
livecodebench,replicationbench,0.386331987296154,0.4056405760480814,40,40
arc-agi-2,sldbench,0.38605915638572214,0.3822551359093486,40,8
deepsynth,skillsbench,0.38594866330666006,0.3901973605304298,35,40
crustbench,gpqa-diamond,0.38592050669897293,0.3849803106167481,40,40
strongreject,strongreject,0.38583140283726364,0.40425192062193643,40,40
aider-polyglot,cybergym,0.3856647054895347,0.3625467646040035,40,10
crustbench,cybergym,0.38553841571606295,0.4168933772811604,40,10
dacode,quixbugs,0.38549728235786007,0.40080902009906166,40,40
kumo,spider2,0.3854549117321022,0.4052289157822042,40,36
pixiu,terminal-bench,0.38508956597274846,0.3958030607786449,40,40
arc-agi-2,simpleqa,0.385034887263753,0.373329307120919,40,40
gaia,spreadsheetbench,0.38472433777549964,0.383805240175635,40,40
swebenchpro,swesmith,0.3846768950857865,0.3845281997074427,40,40
aider-polyglot,scicode,0.384603870697644,0.37470192481310116,40,40
cybergym,kumo,0.3844038309526603,0.43403351899204495,10,40
gaia,swesmith,0.3842812235948639,0.371234939817965,40,40
algotune,crustbench,0.3841362497510717,0.3850582471737355,40,40
skillsbench,swtbench,0.38390599498267364,0.38749102454647927,40,40
medagentbench,swebenchpro,0.38379133225016215,0.3881226593361719,40,40
algotune,terminal-bench,0.3834097109563873,0.38847932267047647,40,40
quixbugs,skillsbench,0.3833197952183456,0.3937805146175482,40,40
algotune,hle,0.38319555985712417,0.3805497006591348,40,40
featurebench-modal,spider2,0.38275675180872376,0.37865229454276306,40,36
swe-lancer,widesearch,0.38264268090096915,0.3802421727610629,40,40
hle,qcircuitbench,0.3823598316546494,0.377927889276926,40,25
gso,swe-lancer,0.38232875281633094,0.38363887778790895,40,40
gpqa-diamond,swebenchpro,0.3815002413321386,0.3702064569272497,40,40
hle,scicode,0.38139652951282577,0.37469198634340983,40,40
cybergym,swebench-multilingual,0.3812569193594316,0.39528609598211856,10,40
pixiu,spreadsheetbench,0.3812296325242047,0.39207091346966244,40,40
algotune,swebenchpro,0.3807149184423878,0.3852702675457037,40,40
aider-polyglot,omnimath,0.3804296974402649,0.37564858802541223,40,40
gso,medagentbench,0.38005632961997227,0.37584782598564315,40,40
swebench-multilingual,swesmith,0.37968745107285373,0.37480397819737815,40,40
dacode,featurebench-modal,0.37931918627427696,0.37152751602279965,40,40
financeagent_terminal,seal0,0.3792716143420155,0.37632267221612176,40,40
swesmith,widesearch,0.37882316213810774,0.3785497488288753,40,40
ineqmath,ineqmath,0.378730066803842,0.41043939115984324,40,40
aa-lcr,swebench-multilingual,0.3784873281610968,0.3865792084117662,40,40
aider-polyglot,simpleqa,0.37809535231127067,0.3697957625774071,40,40
humanevalfix,swebenchpro,0.3776452706380342,0.3929747018053798,40,40
compilebench,hle,0.37752654350569664,0.3712152198303949,15,40
spider2,swesmith,0.37724507088355697,0.37987075652103625,36,40
pixiu,replicationbench,0.3770995877482438,0.3773496164568116,40,40
compilebench,skillsbench,0.3769773474930087,0.39846291452229354,15,40
medagentbench,swesmith,0.3768672935198796,0.36825593088235875,40,40
featurebench-modal,replicationbench,0.37668370724642675,0.386029959550004,40,40
algotune,gaia2,0.3765935491113279,0.36635800316126277,40,40
qcircuitbench,qcircuitbench,0.376393415823591,0.4002965998581312,25,25
labbench,skillsbench,0.3762986515642438,0.38101914514977403,40,40
aa-lcr,gso,0.3761597345158546,0.3729099582336085,40,40
hle,sldbench,0.37594273641585785,0.3534693839078603,40,8
arc-agi-2,cybergym,0.37569714332555604,0.37226998492280094,40,10
algotune,sldbench,0.3756149053959434,0.3779195494959181,40,8
bixbench,hle,0.3753243439773419,0.3773417783636048,39,40
algotune,quixbugs,0.37431658198667594,0.38038007230847143,40,40
medagentbench,quixbugs,0.37430266516681543,0.3961080583402314,40,40
financeagent_terminal,omnimath,0.3742462132479425,0.37836896410748444,40,40
algotune,swebench-multilingual,0.37412895508602795,0.36732431820248124,40,40
swesmith,terminal-bench,0.3740917110342926,0.36856478743006676,40,40
livecodebench,skillsbench,0.37356121347031834,0.38846653250531643,40,40
aa-lcr,compilebench,0.37333497726522724,0.3841952666665247,40,15
algotune,swebench-verified,0.3731800525513632,0.36716002764794536,40,40
gaia,lawbench,0.37313936783163204,0.37050928076306033,40,40
compilebench,medagentbench,0.37236966455587506,0.3919082216258163,15,40
bixbench,widesearch,0.37218972412506657,0.3940851421783673,39,40
sldbench,spider2,0.37198996100678633,0.4012824957410952,8,36
dacode,qcircuitbench,0.37089296045872744,0.36932268850109357,40,25
cybergym,swebenchpro,0.3704516088251193,0.3570770441496829,10,40
reasoning-gym,swebench-verified,0.3702454189051134,0.37839259741202724,40,40
qcircuitbench,swebenchpro,0.3699211463382945,0.3718135693110442,25,40
gpqa-diamond,quixbugs,0.3698280103751961,0.3709104670044478,40,40
replicationbench,simpleqa,0.3697342746936531,0.35436557231199955,40,40
sldbench,swtbench,0.36931677818262804,0.36563133753705757,8,40
aa-lcr,lawbench,0.36920850004496375,0.36933021380204367,40,40
aa-lcr,replicationbench,0.36893915658881393,0.3600734486752475,40,40
aa-lcr,crustbench,0.36842097368411086,0.37658780256633223,40,40
algotune,spreadsheetbench,0.3683725761319548,0.37629716030224003,40,40
qcircuitbench,swtbench,0.368149071077813,0.376516181613614,25,40
hle,omnimath,0.3678914909734108,0.37157702690735733,40,40
quixbugs,spider2,0.3678331674673463,0.38793963762862677,40,36
aime,widesearch,0.3672764514216943,0.3762798871983577,40,40
arc-agi-2,labbench,0.36726263545756266,0.3701816868702317,40,40
gpqa-diamond,swtbench,0.3669037513435712,0.3725514040832931,40,40
crustbench,swe-lancer,0.3663181595765953,0.37492567500015467,40,40
spider2,spider2,0.3656834030622056,0.3848970047791186,36,36
aa-lcr,skillsbench,0.3654166326199256,0.3656205525233237,40,40
hle,kumo,0.36514651487144834,0.3693491904070442,40,40
gpqa-diamond,scicode,0.3651301603040743,0.36651159887888535,40,40
hle,spider2,0.36492335763128125,0.37792755168651093,40,36
algotune,lawbench,0.3649148263028886,0.36542706162392646,40,40
hle,seal0,0.3648499895340545,0.3614425692703787,40,40
featurebench-modal,swe-lancer,0.3639080107693423,0.35813067939596493,40,40
aime,livecodebench,0.36376211039563344,0.38520604528940317,40,40
kumo,qcircuitbench,0.3636135705948558,0.36638643828701695,40,25
reasoning-gym,widesearch,0.3635720292307927,0.36886128085187336,40,40
gaia2,medagentbench,0.36340726445874527,0.36208840355032484,40,40
aa-lcr,quixbugs,0.363386172137683,0.3630567227305926,40,40
reasoning-gym,swebench-multilingual,0.3633555646936905,0.3680054487223674,40,40
arc-agi-2,seal0,0.36301369663689675,0.3571728877645956,40,40
pixiu,swtbench,0.36299118981666056,0.36725621356039473,40,40
aime,arc-agi-2,0.36278393865991737,0.3669689167651353,40,40
lawbench,pixiu,0.36272467522782553,0.3773836389481752,40,40
aider-polyglot,aime,0.3619869604165524,0.37038530176802953,40,40
replicationbench,swtbench,0.3619576985089029,0.35561441272848,40,40
replicationbench,swebench-verified,0.36187173646823834,0.36281701207889355,40,40
dacode,deepsynth,0.3618306081755885,0.38108924117750154,40,35
lawbench,skillsbench,0.36155426971780424,0.36463323346967463,40,40
humanevalfix,spreadsheetbench,0.3614437271281864,0.35831884042476814,40,40
replicationbench,spreadsheetbench,0.3613374550286903,0.3611877244625256,40,40
hle,swe-lancer,0.3612954911716154,0.37204819384781307,40,40
kumo,skillsbench,0.3612872920341853,0.3684678668095435,40,40
crustbench,pixiu,0.36090416873419434,0.3773666599829271,40,40
gaia,swtbench,0.36041097217279533,0.3654783633061398,40,40
lawbench,swesmith,0.3603923331156833,0.3599963871172054,40,40
gaia,swebench-verified,0.3602072265885206,0.3588747259172631,40,40
gpqa-diamond,lawbench,0.36013163554363925,0.36907013203537375,40,40
humanevalfix,terminal-bench,0.35999995391996265,0.3729068592463466,40,40
deepsynth,medagentbench,0.3599559974895665,0.3672034931246289,35,40
featurebench-modal,gpqa-diamond,0.3595850244102994,0.3492640760841727,40,40
dacode,humanevalfix,0.35956940600734955,0.3610938200925954,40,40
gpqa-diamond,swebench-multilingual,0.35950251690462354,0.35601712763419413,40,40
livecodebench,pixiu,0.35901382307135743,0.38522062893193876,40,40
gpqa-diamond,skillsbench,0.3589673831090171,0.3642172295907332,40,40
cybergym,cybergym,0.35862212661649245,0.41657603197459003,10,10
hle,usaco,0.3586103428399649,0.35417226432884097,40,40
gpqa-diamond,pixiu,0.3584191943906807,0.3685883852678862,40,40
algotune,featurebench-modal,0.3582623421637355,0.3604917976486395,40,40
medagentbench,spider2,0.35804928042216744,0.36691221319150097,40,36
spider2,swtbench,0.3578904277372785,0.3591391435534145,36,40
aa-lcr,gaia,0.3578797060611067,0.3636963282348093,40,40
sldbench,swesmith,0.35765375664461213,0.36226243023566196,8,40
dacode,swesmith,0.35747816715797565,0.35837435632129383,40,40
compilebench,cybergym,0.3574651677375209,0.43547543388266385,15,10
aime,swebenchpro,0.3573979971220796,0.3633508851509216,40,40
replicationbench,swe-lancer,0.35731227534320564,0.3642193986535165,40,40
replicationbench,seal0,0.35731216941608357,0.35565366822928246,40,40
aa-lcr,swtbench,0.35694477799344126,0.3562159666086797,40,40
replicationbench,swebench-multilingual,0.35691821820033354,0.3643431598826477,40,40
swe-lancer,terminal-bench,0.35651802777087205,0.3709860623460328,40,40
aa-lcr,spreadsheetbench,0.35580412372587067,0.3640197640568793,40,40
algotune,deepsynth,0.3552868149257207,0.3757619251857878,40,35
bixbench,financeagent_terminal,0.35503573113621323,0.37150280578105904,39,40
lawbench,reasoning-gym,0.3550008214224879,0.36490081619802867,40,40
compilebench,reasoning-gym,0.35455070224797436,0.3583736561865344,15,40
aa-lcr,sldbench,0.35453080240959894,0.3624366121267176,40,8
cybergym,financeagent_terminal,0.35430769432550907,0.33505339371193216,10,40
livecodebench,seal0,0.3542317658393481,0.356066198464879,40,40
crustbench,labbench,0.35415180054822254,0.3468359472794964,40,40
seal0,simpleqa,0.35385171555662276,0.35368119527385344,40,40
pixiu,swebenchpro,0.35380588125412404,0.36693210131915466,40,40
gaia,kumo,0.3535533206191344,0.36097926196606805,40,40
algotune,replicationbench,0.3533255591634741,0.35872972292075983,40,40
gso,scicode,0.35292148945517376,0.3532358744346854,40,40
swe-lancer,swebench-verified,0.3528451917957881,0.3676425545588446,40,40
codepde,mmmlu,0.3528363778029656,0.3531696458247634,4,40
gpqa-diamond,swebench-verified,0.3527314390209464,0.35651505528155747,40,40
featurebench-modal,livecodebench,0.35179184989550516,0.34984333836383497,40,40
bigcodebench,swebench-verified,0.35172223211243314,0.352953221330657,40,40
medagentbench,swtbench,0.351607935093778,0.35231796442174806,40,40
aime,omnimath,0.35156960247276753,0.36437536637849555,40,40
skillsbench,spider2,0.3515003841784329,0.35927386252752347,40,36
financeagent_terminal,simpleqa,0.3514524063772785,0.356613991126293,40,40
livecodebench,qcircuitbench,0.35144976782621384,0.3740633409456495,40,25
reasoning-gym,sldbench,0.3512687267913227,0.344856953352844,40,8
dacode,scicode,0.3512189379537669,0.3518937148991299,40,40
labbench,widesearch,0.3511511510556765,0.3449191120833444,40,40
dacode,pixiu,0.35105694802152854,0.3662073942436257,40,40
crustbench,gaia,0.3510219981433489,0.3534043896819544,40,40
kumo,swesmith,0.3509999787260639,0.3484403415948407,40,40
aime,hle,0.3509815829677094,0.35209469035216884,40,40
bixbench,replicationbench,0.35093109892964774,0.36903531408320467,39,40
algotune,compilebench,0.3504134738040055,0.35888521148406854,40,15
livecodebench,scicode,0.35035234781609315,0.3537327704456301,40,40
humanevalfix,spider2,0.35031071691148735,0.3586860368560167,40,36
deepsynth,scicode,0.3501782514368081,0.35967253904695284,35,40
aa-lcr,spider2,0.3500155371112326,0.36578944136862385,40,36
hle,simpleqa,0.3499637748341453,0.34830267505330115,40,40
scicode,swtbench,0.34988028101107116,0.35064301555892446,40,40
dacode,skillsbench,0.34985058940184516,0.3611824695822417,40,40
simpleqa,skillsbench,0.34959022159010306,0.34034797451205917,40,40
crustbench,simpleqa,0.34931745715412243,0.354667663843704,40,40
cybergym,medagentbench,0.3492203573427445,0.3724826153036602,10,40
deepsynth,quixbugs,0.3491679714846548,0.3567317574572657,35,40
bigcodebench,swebench-multilingual,0.3483596615577846,0.35187129357057356,40,40
featurebench-modal,omnimath,0.3481945042578176,0.3467113114385809,40,40
gpqa-diamond,kumo,0.34802454385882753,0.33636262898724084,40,40
gpqa-diamond,spreadsheetbench,0.34788445243763855,0.36717295459504173,40,40
dacode,medagentbench,0.3477926698421585,0.3593880076950995,40,40
cybergym,humanevalfix,0.3477612828324658,0.3995300031152411,10,40
humanevalfix,reasoning-gym,0.34773926846140724,0.3250043703905031,40,40
gaia2,swe-lancer,0.34770970488718767,0.344553238700154,40,40
aa-lcr,dacode,0.34733814064534824,0.3580001262368945,40,40
gpqa-diamond,medagentbench,0.3469861790417001,0.34522005995298066,40,40
aider-polyglot,labbench,0.3468239865801114,0.3559978748703378,40,40
gaia2,pixiu,0.34663142122939333,0.35185790730094807,40,40
aime,gaia,0.3465483759536584,0.35772988846804343,40,40
labbench,swebenchpro,0.34630358512661963,0.33994042211476766,40,40
algotune,swtbench,0.3461554005097645,0.35724248053525914,40,40
seal0,widesearch,0.34614659463384856,0.34461057258426975,40,40
gaia,simpleqa,0.3461380406654123,0.35779538431255586,40,40
algotune,scicode,0.3460407927110466,0.3467707010443769,40,40
quixbugs,reasoning-gym,0.3460352054009312,0.3429671598500114,40,40
algotune,gpqa-diamond,0.34593376408641396,0.3572993927234724,40,40
aa-lcr,medagentbench,0.3457777323301441,0.3465503934368385,40,40
aa-lcr,labbench,0.3455318543127177,0.34185569516515796,40,40
crustbench,reasoning-gym,0.34538137049039874,0.3520119056726711,40,40
algotune,algotune,0.34519756107054633,0.3568553161951516,40,40
spreadsheetbench,swe-lancer,0.34508921289057215,0.36881107719236816,40,40
aime,quixbugs,0.3450050130656669,0.3729143789766603,40,40
aime,featurebench-modal,0.34500483443743035,0.35185538109676784,40,40
bixbench,crustbench,0.34439549374558825,0.3723122786931529,39,40
research-code-bench,skillsbench,0.3441235102469727,0.38371051837833503,40,40
aime,gso,0.3439595810463718,0.35300713250913157,40,40
medagentbench,qcircuitbench,0.34372480293967655,0.35138168312318024,40,25
dacode,gaia,0.3436234142328315,0.3490196842667601,40,40
featurebench-modal,pixiu,0.34342220527178957,0.3362781250359306,40,40
livecodebench,swe-lancer,0.3432699365681793,0.3525036861114937,40,40
deepsynth,swesmith,0.34323371396390745,0.3467280531169748,35,40
bigcodebench,compilebench,0.3431068551455694,0.3408139042518827,40,15
compilebench,deepsynth,0.3423474870723962,0.36160348638135437,15,35
deepsynth,pixiu,0.34223519551396187,0.3592082207427448,35,40
skillsbench,sldbench,0.3420141854036066,0.36052557126422263,40,8
deepsynth,spider2,0.3420029504901582,0.3612240664256537,35,36
algotune,skillsbench,0.341616776229381,0.3546231458378045,40,40
gpqa-diamond,qcircuitbench,0.3414438661482124,0.3561730132539682,40,25
gaia2,livecodebench,0.34136738158590996,0.3320926962230699,40,40
bixbench,gso,0.3410177607379704,0.3564838421751606,39,40
gaia,omnimath,0.3409382331746694,0.34882537783146517,40,40
bigcodebench,sldbench,0.34083582827652315,0.33041347839025753,40,8
hle,swesmith,0.3408246919614273,0.3506347673598843,40,40
aa-lcr,deepsynth,0.3405004744834019,0.35512379578978936,40,35
aa-lcr,gaia2,0.3403118258492955,0.3490352779392514,40,40
cybergym,terminal-bench,0.3401142735557988,0.343779832328929,10,40
lawbench,swe-lancer,0.34002893982365273,0.354957081711656,40,40
algotune,dacode,0.339552928393276,0.3535012736853076,40,40
deepsynth,qcircuitbench,0.339377502534402,0.35890924325928786,35,25
omnimath,omnimath,0.3387532399273895,0.3605857876890987,40,40
lawbench,livecodebench,0.338434874128392,0.346425053797932,40,40
featurebench-modal,simpleqa,0.338370517653743,0.32778713657769315,40,40
livecodebench,spreadsheetbench,0.33828009973099527,0.3451373427077202,40,40
gaia2,simpleqa,0.3380454983387903,0.3512686946753331,40,40
deepsynth,swe-lancer,0.33791248383288297,0.3585885858877048,35,40
cybergym,dacode,0.33774165304552595,0.3515721325692067,10,40
kumo,swe-lancer,0.33729751544050546,0.3361032328536473,40,40
gso,simpleqa,0.33717905037154494,0.33835574745661856,40,40
aa-lcr,simpleqa,0.3368908976251096,0.3453470533202701,40,40
mmmlu,skillsbench,0.3366738824526045,0.3720959964710927,40,40
featurebench-modal,quixbugs,0.336665676392877,0.346190989808636,40,40
swe-lancer,swtbench,0.33656471289013035,0.3513804161691974,40,40
medagentbench,replicationbench,0.33639632800750674,0.3542921456857671,40,40
arc-agi-2,reasoning-gym,0.33629974008596986,0.37433108415477145,40,40
featurebench-modal,scicode,0.3362275001967853,0.34024273097562613,40,40
kumo,scicode,0.3361228329144991,0.34828569723719577,40,40
dacode,livecodebench,0.3361085148601851,0.3506775384230653,40,40
dacode,replicationbench,0.33568728800254805,0.3466950398543679,40,40
aider-polyglot,humanevalfix,0.33562427879998064,0.3608036662459932,40,40
gaia2,qcircuitbench,0.335418857804583,0.33447246748201753,40,25
gaia,gpqa-diamond,0.335204596344565,0.3535946502403957,40,40
aa-lcr,featurebench-modal,0.33480094352758055,0.33144933121065195,40,40
cybergym,spreadsheetbench,0.3347308885745649,0.34207990508404196,10,40
bixbench,swebenchpro,0.33468506893710825,0.36301688951573824,39,40
financeagent_terminal,mmau,0.3345938362582348,0.34757680189442114,40,40
algotune,qcircuitbench,0.33444548915270483,0.33969024038698087,40,25
financeagent_terminal,reasoning-gym,0.3342926709871442,0.3583737460817445,40,40
swtbench,usaco,0.33405239363140893,0.3326545364156401,40,40
gaia2,gpqa-diamond,0.3340007281039042,0.3373490208290275,40,40
seal0,swebenchpro,0.33389909480402413,0.34101237203971224,40,40
lawbench,replicationbench,0.33381484934298195,0.355481018687983,40,40
reasoning-gym,scicode,0.3336044380257703,0.34027327984530364,40,40
compilebench,pixiu,0.3334923640579849,0.36891336137258474,15,40
pixiu,qcircuitbench,0.3333370286679025,0.35792597029981504,40,25
dacode,gpqa-diamond,0.3333233901281289,0.3541744560189006,40,40
swe-lancer,swebench-multilingual,0.33330073414157235,0.35623880797127133,40,40
aime,terminal-bench,0.3331518630260699,0.3458175074673421,40,40
kumo,reasoning-gym,0.3328117888168498,0.32963607623173585,40,40
gpqa-diamond,seal0,0.33260813316227494,0.3361308664925638,40,40
aa-lcr,cybergym,0.33259963618442917,0.34299592033952847,40,10
crustbench,seal0,0.3325682468495854,0.33814810316676824,40,40
gpqa-diamond,swe-lancer,0.33200601427118404,0.34775874353177466,40,40
qcircuitbench,spider2,0.33180627664163975,0.341506378845274,25,36
compilebench,featurebench-modal,0.3317228624815711,0.3476696378048544,15,40
aime,gaia2,0.3314996896353477,0.34154211019049446,40,40
swe-lancer,swebenchpro,0.33147693024380054,0.3492859977638175,40,40
quixbugs,swe-lancer,0.33145481797808557,0.3377691342831078,40,40
gso,omnimath,0.33145275412891406,0.32936544937534207,40,40
bixbench,gpqa-diamond,0.33105041477749386,0.35259584951960943,39,40
gaia,swebench-multilingual,0.3308885561637417,0.3400485058641803,40,40
deepsynth,omnimath,0.33077410244770616,0.337250837037883,35,40
cybergym,scicode,0.33059543768020727,0.35460872564431867,10,40
arc-agi-2,strongreject,0.3303616025922874,0.33441158482283334,40,40
deepsynth,sldbench,0.330326312186782,0.3386439933376812,35,8
aa-lcr,gpqa-diamond,0.3301980085038809,0.3416095655900386,40,40
bixbench,skillsbench,0.3301317958312716,0.3464301887800428,39,40
pixiu,sldbench,0.3298539412432605,0.35645398918777776,40,8
compilebench,livecodebench,0.3298505399559921,0.34338267410118717,15,40
kumo,replicationbench,0.3295054194478465,0.34435312889947334,40,40
featurebench-modal,kumo,0.3294637215804195,0.3418025072853901,40,40
featurebench-modal,sldbench,0.32939859600238675,0.3438321209309961,40,8
financeagent_terminal,usaco,0.32935153991467175,0.3341658025864145,40,40
pixiu,pixiu,0.32904849661542757,0.36184399927157407,40,40
cybergym,hle,0.3289758564519484,0.3157948615761656,10,40
gaia,quixbugs,0.3288018108576507,0.3230850539199268,40,40
gaia,sldbench,0.3287913791624011,0.32187953320090734,40,8
aider-polyglot,reasoning-gym,0.32876917590999755,0.37178005352366034,40,40
replicationbench,spider2,0.32850228370449,0.3381177564880019,40,36
gaia,replicationbench,0.3284285554079861,0.3378813658900969,40,40
algotune,humanevalfix,0.32757681861069704,0.35505984904039706,40,40
pixiu,skillsbench,0.3275041554882135,0.347297910233179,40,40
compilebench,swesmith,0.3274789101724478,0.338068536632025,15,40
mmau,scicode,0.3274457150858799,0.33206915223760175,40,40
deepsynth,seal0,0.3273654946544826,0.3308018274775257,35,40
algotune,pixiu,0.32728061771480654,0.34411131301646497,40,40
compilebench,swe-lancer,0.32675520341308695,0.3394602064217409,15,40
deepsynth,kumo,0.3264147372022534,0.3491039599140267,35,40
replicationbench,sldbench,0.326280788052651,0.34453346797449586,40,8
qcircuitbench,replicationbench,0.3261832967258894,0.3433735742715725,25,40
aime,medagentbench,0.3253959049343227,0.3362326319878499,40,40
simpleqa,terminal-bench,0.32531503969323916,0.33578185943682454,40,40
omnimath,terminal-bench,0.3253033681129084,0.33366526784035544,40,40
featurebench-modal,qcircuitbench,0.32499681405919867,0.31826698662066916,40,25
terminal-bench,usaco,0.3240658630695316,0.3318867968938122,40,40
crustbench,swesmith,0.32396642635387307,0.32463287231993926,40,40
medagentbench,swe-lancer,0.32341659511114207,0.3326471738243143,40,40
scicode,swebenchpro,0.3232364992115716,0.32278830215278975,40,40
deepsynth,simpleqa,0.323233916709628,0.32384315434695304,35,40
livecodebench,omnimath,0.3232163090184178,0.33174348005836235,40,40
compilebench,gpqa-diamond,0.3226013908640196,0.3321250999056953,15,40
gpqa-diamond,usaco,0.3225567513748958,0.33654206549090715,40,40
cybergym,gso,0.32232918561011153,0.3326381441550628,10,40
labbench,seal0,0.322173697926753,0.3337899290517028,40,40
omnimath,widesearch,0.32216879021413247,0.33225444369021956,40,40
compilebench,replicationbench,0.32195759381896216,0.3476930576901852,15,40
kumo,pixiu,0.32163371054266315,0.3478046417622378,40,40
reasoning-gym,terminal-bench,0.32146345711804447,0.3434871720599968,40,40
livecodebench,sldbench,0.3213911376136693,0.34480489436754397,40,8
bixbench,livecodebench,0.321223716414049,0.36316870112121363,39,40
pixiu,scicode,0.3207521533943495,0.336084232880522,40,40
humanevalfix,kumo,0.32075004619693537,0.39155534011206355,40,40
reasoning-gym,spreadsheetbench,0.3204244819129882,0.3469572308301963,40,40
algotune,gaia,0.3203954789461093,0.33232019682579944,40,40
qcircuitbench,skillsbench,0.3201161824303408,0.337625629186607,25,40
qcircuitbench,reasoning-gym,0.3200635659148063,0.3292928048079673,25,40
omnimath,swesmith,0.31995933943956323,0.32855355612184695,40,40
aa-lcr,research-code-bench,0.31980088556003605,0.29646293079372255,40,40
bixbench,terminal-bench,0.31954611363875873,0.35591436593627723,39,40
compilebench,gaia,0.3190428359263262,0.32537877955645056,15,40
algotune,spider2,0.3187012258298642,0.3343239544757743,40,36
quixbugs,swesmith,0.3186726509009106,0.32162059808302845,40,40
pixiu,spider2,0.3184856990802759,0.3443068818153159,40,36
pixiu,quixbugs,0.31843536628095953,0.3608874243532465,40,40
medagentbench,pixiu,0.3183531380721648,0.3340197411737576,40,40
quixbugs,replicationbench,0.31748486666385756,0.34306135327393006,40,40
dacode,swe-lancer,0.31734019479463493,0.3409435434175301,40,40
gaia,skillsbench,0.31731177265715854,0.32685560599477753,40,40
aime,swesmith,0.3172871689193044,0.32543856699909385,40,40
cybergym,spider2,0.31720652040905056,0.34521193198716904,10,36
gso,reasoning-gym,0.31719214811005375,0.3463029390889487,40,40
humanevalfix,mmau,0.31686208128327875,0.33622551138836543,40,40
codepde,research-code-bench,0.3162277660167935,0.34042596175762363,4,40
gso,humanevalfix,0.316227726488335,0.3338409176134086,40,40
bixbench,deepsynth,0.31587702487839414,0.34107333610426416,39,35
gpqa-diamond,omnimath,0.31584262026309207,0.3316786546135574,40,40
cybergym,replicationbench,0.31581420287998124,0.3524987590214279,10,40
gpqa-diamond,sldbench,0.31576735568373154,0.3158323741772292,40,8
algotune,medagentbench,0.31561118519130904,0.32192594090618454,40,40
algotune,swesmith,0.31557660962129086,0.32494170391005656,40,40
pixiu,swe-lancer,0.31545377908990047,0.33751485998524944,40,40
humanevalfix,swtbench,0.3153314176792167,0.30620649953735346,40,40
gso,mmau,0.3149480312739472,0.3313582719550529,40,40
algotune,kumo,0.3147433590747919,0.3286829070371953,40,40
omnimath,replicationbench,0.3146409061076656,0.31601408215890686,40,40
financeagent_terminal,humanevalfix,0.31462644217303876,0.3118572110373066,40,40
cybergym,labbench,0.3145238327315263,0.3218413780640268,10,40
simpleqa,sldbench,0.31436357026193584,0.3219130876964388,40,8
hle,labbench,0.31407746137168613,0.32807633230784367,40,40
bigcodebench,lawbench,0.31388851806439,0.32745947729453734,40,40
aime,deepsynth,0.3137950007693696,0.3380741308848983,40,35
quixbugs,usaco,0.31348172235777105,0.3309722285143416,40,40
aime,humanevalfix,0.31333984148911,0.36262155759037884,40,40
gaia2,scicode,0.3118138561679777,0.31703918105602347,40,40
cybergym,gaia2,0.3117422421459227,0.31137448718936805,10,40
aa-lcr,seal0,0.31170114508396857,0.32334150669188305,40,40
skillsbench,swe-lancer,0.3116284896025312,0.3337161635541141,40,40
gaia,spider2,0.31161524927790024,0.34253724544303404,40,36
gaia,scicode,0.3114348955004283,0.3239185259045891,40,40
cybergym,qcircuitbench,0.31122672321740663,0.3414236526998196,10,25
bigcodebench,spreadsheetbench,0.3112158418036425,0.335955877328766,40,40
gpqa-diamond,spider2,0.31107722745020405,0.3252502754193217,40,36
gaia,seal0,0.3107874194163785,0.3215484485540584,40,40
gaia,livecodebench,0.3107147460616896,0.31658948058371317,40,40
aider-polyglot,strongreject,0.3106842823319954,0.32929244217389,40,40
seal0,terminal-bench,0.30987979682827327,0.32556746227834493,40,40
dacode,reasoning-gym,0.30953872696758933,0.33503233161286566,40,40
hle,humanevalfix,0.30950043275307443,0.3172812079563085,40,40
bixbench,spreadsheetbench,0.30949628029772364,0.33513029732636784,39,40
mmau,sldbench,0.3093770743578081,0.33124552826559633,40,8
seal0,seal0,0.30924513160869455,0.3341712264444613,40,40
featurebench-modal,reasoning-gym,0.3090734050975501,0.312663317204438,40,40
bigcodebench,humanevalfix,0.3090493991419301,0.319751150551145,40,40
mmau,widesearch,0.3089871259138719,0.3378193327090535,40,40
codepde,codepde,0.3088176791798316,0.31982722721222884,4,4
bixbench,labbench,0.3087631503764239,0.3175406575513775,39,40
aa-lcr,swesmith,0.3086348906271439,0.3226833852745141,40,40
hle,reasoning-gym,0.30862695810097274,0.34146935933876266,40,40
livecodebench,swebench-multilingual,0.3086068248363038,0.3214330937608776,40,40
bixbench,lawbench,0.30847815767792064,0.3486039340585538,39,40
pixiu,swesmith,0.30818515657553447,0.31269194405030315,40,40
lawbench,mmau,0.30814630800964116,0.32653302066044715,40,40
cybergym,skillsbench,0.3078457709527209,0.334278631806677,10,40
bixbench,swtbench,0.3077933808880752,0.3301418738146076,39,40
gso,seal0,0.30757376657443974,0.3176061906533014,40,40
aa-lcr,pixiu,0.3072708108830966,0.3260075470781855,40,40
kumo,seal0,0.3072658878223797,0.29994655556044236,40,40
spider2,swe-lancer,0.30719046837829916,0.3255844590670388,36,40
qcircuitbench,swe-lancer,0.3070295882924885,0.3330224343684126,25,40
gaia2,omnimath,0.3069383884799234,0.3113860414062835,40,40
aime,gpqa-diamond,0.30683937374602577,0.32901401558122934,40,40
livecodebench,mmau,0.3067632283700438,0.31976817777590905,40,40
gaia2,reasoning-gym,0.30652451811165105,0.32487710645031287,40,40
aime,lawbench,0.306362185982166,0.32502737523344954,40,40
medagentbench,omnimath,0.30635651464912095,0.3321134342686845,40,40
scicode,spider2,0.30634458159868805,0.319203705366513,40,36
reasoning-gym,swebenchpro,0.30587008134544763,0.3273220792262539,40,40
aime,crustbench,0.3051449488619627,0.33343858267848586,40,40
seal0,skillsbench,0.3047018184122352,0.31649359661675386,40,40
codepde,humanevalfix,0.30450003170608353,0.3695228321845857,4,40
aime,spreadsheetbench,0.30448714835181256,0.32375490758328385,40,40
reasoning-gym,spider2,0.3044619768922945,0.32628465296381237,40,36
codepde,swebench-verified,0.3043478095967599,0.326289130265747,4,40
scicode,swe-lancer,0.30428716127181954,0.32717910787518945,40,40
labbench,terminal-bench,0.3039623593964901,0.32049450657745276,40,40
bixbench,swebench-verified,0.30393981090880806,0.3507131597557355,39,40
gpqa-diamond,humanevalfix,0.3038217429337201,0.30174647388731485,40,40
replicationbench,scicode,0.3031376108200087,0.3189318272487855,40,40
simpleqa,swtbench,0.3029291324508609,0.31215124190930443,40,40
cybergym,simpleqa,0.3026877443953402,0.3101244288792797,10,40
livecodebench,spider2,0.3025788287633147,0.3157685630596359,40,36
research-code-bench,swebenchpro,0.3025715747565293,0.30882705881099587,40,40
gaia,swe-lancer,0.3018922854909339,0.32054398569020776,40,40
bigcodebench,gso,0.3016807298566001,0.32217702983856705,40,40
cybergym,swe-lancer,0.3014956890293783,0.31396720892888313,10,40
bigcodebench,quixbugs,0.30102476589067784,0.31423511923622405,40,40
gaia2,humanevalfix,0.30090569225679176,0.31907425458622884,40,40
algotune,swe-lancer,0.3003767890332586,0.3236575744600061,40,40
cybergym,gpqa-diamond,0.30034588798597783,0.3114962669338933,10,40
medagentbench,simpleqa,0.3001679326294263,0.31364023130430346,40,40
cybergym,pixiu,0.299985690209366,0.33012575527362736,10,40
skillsbench,swesmith,0.29983955196159134,0.30549353120446837,40,40
deepsynth,reasoning-gym,0.29954589663896647,0.3252786583980221,35,40
crustbench,mmau,0.2994539847640205,0.3214851986557406,40,40
mmau,terminal-bench,0.29906338859408954,0.32012303254830415,40,40
gaia2,replicationbench,0.29873640451592376,0.3092467797092444,40,40
omnimath,spreadsheetbench,0.29854490380965815,0.31920738270473714,40,40
cybergym,reasoning-gym,0.2985322525838252,0.31449071223545166,10,40
bixbench,featurebench-modal,0.29840521393878905,0.3120999924107974,39,40
lawbench,omnimath,0.2978824496833645,0.31262109667983073,40,40
gpqa-diamond,reasoning-gym,0.2978427479760493,0.3226768967776913,40,40
algotune,cybergym,0.2977907931949881,0.3104355107427783,40,10
quixbugs,simpleqa,0.297670194921709,0.31939703101318295,40,40
humanevalfix,medagentbench,0.29767019492170893,0.3218404687710174,40,40
arc-agi-2,usaco,0.29726717158104116,0.2997864615671795,40,40
sldbench,swe-lancer,0.29696946645802796,0.31706682186032975,8,40
labbench,livecodebench,0.2968505809614994,0.3076598805027028,40,40
mmmlu,swebenchpro,0.29663460688943866,0.29576160454309586,40,40
swe-lancer,swe-lancer,0.29660488293346,0.32197813406522946,40,40
bixbench,pixiu,0.29627594840689564,0.33067530954758945,39,40
codepde,spreadsheetbench,0.2961195364437261,0.2917695763383752,4,40
aime,algotune,0.29589216976013294,0.32009449340787455,40,40
kumo,labbench,0.2955987112236602,0.2949690131781786,40,40
kumo,livecodebench,0.29551209165545245,0.3118497416349601,40,40
aa-lcr,humanevalfix,0.29536955363037093,0.29885949163929204,40,40
cybergym,swtbench,0.295077151351256,0.3050855160466888,10,40
aa-lcr,livecodebench,0.2948839117755642,0.3184707411035887,40,40
simpleqa,spider2,0.29429249744880953,0.3114052471811904,40,36
aime,scicode,0.29392377763644006,0.3176802557778436,40,40
swesmith,swtbench,0.2938652025140948,0.311101066234475,40,40
aa-lcr,algotune,0.29382335304571755,0.3151363601920909,40,40
medagentbench,reasoning-gym,0.2936988433714337,0.3159564436239062,40,40
bixbench,quixbugs,0.29346792400433797,0.3567195968703207,39,40
aa-lcr,swe-lancer,0.2932702228322447,0.3035056701777779,40,40
bixbench,dacode,0.29311232825416556,0.33091281633047187,39,40
aider-polyglot,mmau,0.29303302090565014,0.3218490442709397,40,40
reasoning-gym,swtbench,0.2925607440879464,0.32609360875714816,40,40
gaia,pixiu,0.2921611397856846,0.3159355671386806,40,40
livecodebench,reasoning-gym,0.29215217132218496,0.3174965970242328,40,40
reasoning-gym,replicationbench,0.29203167433941646,0.30594431534793637,40,40
omnimath,swebenchpro,0.2918497176204785,0.31023529186136684,40,40
mmau,quixbugs,0.291516288749612,0.31816253437426156,40,40
humanevalfix,skillsbench,0.29151313911562504,0.3211257581481424,40,40
arc-agi-2,humanevalfix,0.2913971051695309,0.31540459707435714,40,40
bixbench,qcircuitbench,0.29105292452871556,0.32596634647697126,39,25
medagentbench,skillsbench,0.2908250282098136,0.302603772347122,40,40
arc-agi-2,mmau,0.2907694043064496,0.31195121755582106,40,40
labbench,quixbugs,0.2907428392417283,0.2889244778974201,40,40
bigcodebench,kumo,0.2906021751811695,0.29550473007283323,40,40
bixbench,scicode,0.29036503662535273,0.3139755215291741,39,40
aa-lcr,mmmlu,0.2902568918372991,0.2862626601075274,40,40
aa-lcr,bixbench,0.29021646929581213,0.3298462970089241,40,39
algotune,usaco,0.29001204074759224,0.3152851866360287,40,40
qcircuitbench,usaco,0.2892601155889158,0.3124329825716711,25,40
aa-lcr,qcircuitbench,0.28880298907548874,0.30151387896593024,40,25
quixbugs,seal0,0.28880008338470564,0.2920176456695529,40,40
pixiu,reasoning-gym,0.28860035092699954,0.32180785134848905,40,40
algotune,reasoning-gym,0.28826071914874907,0.3101001096320769,40,40
compilebench,mmau,0.28819564833967404,0.31689351346242844,15,40
bixbench,gaia,0.28819044838301533,0.31023460283754073,39,40
bixbench,seal0,0.2876759273967854,0.30514122483514283,39,40
livecodebench,swebench-verified,0.2875263259571718,0.31355284200215316,40,40
omnimath,quixbugs,0.2873662549287378,0.3091928107051214,40,40
simpleqa,swebench-verified,0.2871233632554244,0.3030686548897768,40,40
algotune,bixbench,0.2869182034884955,0.3192955030210009,40,39
gaia,ineqmath,0.2865815401754692,0.29741607864378133,40,40
mmau,spreadsheetbench,0.2865627826133543,0.31780627139786527,40,40
bigcodebench,qcircuitbench,0.2865035795176032,0.30446504042461525,40,25
sldbench,usaco,0.28638267556270314,0.2784110591524042,8,40
seal0,swtbench,0.28620151209171985,0.29891477614484147,40,40
usaco,widesearch,0.2857893740722042,0.30169134537387304,40,40
hle,strongreject,0.28555117523747486,0.29957547456816214,40,40
pixiu,usaco,0.28482936277503723,0.2976278261693348,40,40
bixbench,swebench-multilingual,0.2847815693371065,0.3381656335344312,39,40
gaia,qcircuitbench,0.2841846581553521,0.29641993085430074,40,25
pixiu,seal0,0.28396722852832,0.29701056638703777,40,40
mmau,swebench-verified,0.2837297700435192,0.31606862630593296,40,40
omnimath,scicode,0.28370958624255643,0.3053422569649015,40,40
bixbench,gaia2,0.28354675669627427,0.3170611709714579,39,40
crustbench,usaco,0.28348236782639913,0.30103943983132225,40,40
featurebench-modal,mmau,0.28340288168693106,0.29259024584577253,40,40
simpleqa,swesmith,0.2833691024814308,0.3069949997748537,40,40
aime,swtbench,0.283077905746126,0.3011782703071827,40,40
bigcodebench,dacode,0.28273558495844664,0.3091179144111545,40,40
bigcodebench,pixiu,0.2824594482143079,0.3011439310168824,40,40
swebenchpro,usaco,0.2823824334465844,0.292031961899033,40,40
algotune,omnimath,0.2823149577212297,0.30453132822878165,40,40
gaia2,mmau,0.28223278902675003,0.3093264561250549,40,40
mmau,swebench-multilingual,0.2821978060819199,0.3115464483252999,40,40
reasoning-gym,skillsbench,0.2817846731588979,0.31071989454387905,40,40
humanevalfix,swesmith,0.2817182177194243,0.28065411026428977,40,40
aime,sldbench,0.28155671922474257,0.32099755773798655,40,8
gpqa-diamond,labbench,0.28143421552695574,0.2996518737054111,40,40
swe-lancer,swesmith,0.28121050423329497,0.2966270914157547,40,40
codepde,lawbench,0.2811992040158906,0.3390550253801614,4,40
arc-agi-2,bigcodebench,0.280959735816532,0.29916334950756834,40,40
aime,usaco,0.2808848904786728,0.3050274113284418,40,40
algotune,mmau,0.28072829150763584,0.30314972430866866,40,40
bigcodebench,gaia2,0.28050702281659196,0.29985731822444345,40,40
codepde,compilebench,0.28046574537961144,0.3514114592933756,4,15
bixbench,swe-lancer,0.2804627435304975,0.31044132156749943,39,40
bixbench,compilebench,0.2800558376520866,0.35207488996361513,39,15
mmau,usaco,0.2798244277956067,0.2920127083691012,40,40
bigcodebench,livecodebench,0.2797893340625667,0.29127197385715353,40,40
labbench,pixiu,0.2793150263840848,0.2909825469556332,40,40
simpleqa,spreadsheetbench,0.2792908943456981,0.30579133979907586,40,40
aime,skillsbench,0.2789506296243192,0.29461755529639716,40,40
bigcodebench,spider2,0.2788723647369129,0.2933178865192022,40,36
livecodebench,simpleqa,0.2788358912660457,0.2898668022173424,40,40
aa-lcr,reasoning-gym,0.2787161703572135,0.30486878804141154,40,40
cybergym,featurebench-modal,0.2786211158881801,0.2991805146464639,10,40
bixbench,medagentbench,0.27846898035847323,0.3083312787860061,39,40
cybergym,swesmith,0.2784069217010656,0.2889158272401737,10,40
qcircuitbench,swesmith,0.27838384461469545,0.2832906142088861,25,40
dacode,mmau,0.2781912918361364,0.30274915807548036,40,40
omnimath,spider2,0.27773960388150787,0.2975916374136256,40,36
omnimath,sldbench,0.2777216274922603,0.28624395962637783,40,8
bixbench,cybergym,0.2774987286639283,0.32040503549910265,39,10
mmmlu,seal0,0.27696843793449055,0.31305995870221665,40,40
mmau,swtbench,0.2769583753255757,0.3066861845081612,40,40
algotune,seal0,0.27682320870104,0.2938994245729335,40,40
gpqa-diamond,simpleqa,0.27658958246344245,0.2924590106053776,40,40
codepde,scicode,0.2765409927235649,0.3138147773927536,4,40
research-code-bench,seal0,0.27650064398079466,0.313007086226325,40,40
livecodebench,medagentbench,0.27594129017669666,0.2871455716319782,40,40
deepsynth,humanevalfix,0.2759169226435757,0.2884129143917148,35,40
bixbench,kumo,0.27565896800800893,0.3327079502026012,39,40
bixbench,simpleqa,0.27562842066978144,0.3010608445319898,39,40
codepde,crustbench,0.2753468619670978,0.2908628496542195,4,40
bigcodebench,crustbench,0.27519365909266913,0.2878177337799896,40,40
gso,usaco,0.27515931196684484,0.288101018932399,40,40
mmau,swebenchpro,0.2747215897505822,0.31027337509436564,40,40
bigcodebench,terminal-bench,0.2742603135179868,0.2967562234557148,40,40
bixbench,spider2,0.2739511178623082,0.317359628452529,39,36
bigcodebench,widesearch,0.2737580172995175,0.2934275516197055,40,40
omnimath,seal0,0.2732066089061923,0.2835965496888658,40,40
bixbench,usaco,0.27300945587148107,0.2991863782446401,39,40
codepde,swebench-multilingual,0.2729928910413355,0.32076806187062207,4,40
bixbench,sldbench,0.27274437581607414,0.34469387215478636,39,8
hle,mmau,0.27253295480731954,0.30411502576601246,40,40
cybergym,livecodebench,0.27246101644384524,0.2959254775049638,10,40
codepde,dacode,0.27185858979222377,0.301640901190729,4,40
bigcodebench,codepde,0.2716327876906014,0.2876182337633876,40,4
compilebench,simpleqa,0.2714801238765435,0.29891272845584704,15,40
bixbench,reasoning-gym,0.271448352116987,0.29804905606121795,39,40
bixbench,omnimath,0.2713691905601948,0.29004573062424177,39,40
omnimath,pixiu,0.2711925476878824,0.2917460750109982,40,40
aider-polyglot,bigcodebench,0.2711572109715432,0.2919866664828529,40,40
pixiu,simpleqa,0.27081652847891374,0.2896059064335288,40,40
reasoning-gym,usaco,0.2706236053717527,0.28259122505528134,40,40
gpqa-diamond,swesmith,0.2705451396438506,0.2868570754168222,40,40
replicationbench,swesmith,0.27047590821143513,0.2842204539361906,40,40
mmau,qcircuitbench,0.27027723998651154,0.3019595711451824,40,25
scicode,swesmith,0.2702373808753246,0.28174472393942196,40,40
aime,replicationbench,0.2694354208369908,0.29081240567687144,40,40
bigcodebench,swtbench,0.26943192894383383,0.28475130991988246,40,40
deepsynth,labbench,0.26930534852354343,0.2801060906542939,35,40
bixbench,humanevalfix,0.2691911546778689,0.3287840506230486,39,40
gaia,humanevalfix,0.26919115467786886,0.26648588859730377,40,40
mmau,replicationbench,0.26919103204636663,0.2805514625940557,40,40
gpqa-diamond,strongreject,0.26906933873583705,0.2866006004193932,40,40
aa-lcr,scicode,0.26801708558898535,0.2761391818503701,40,40
seal0,sldbench,0.26757861604163957,0.27378663231660916,40,8
bigcodebench,scicode,0.26748871034749766,0.28505022789649354,40,40
dacode,simpleqa,0.26744110558853684,0.29295792303137486,40,40
cybergym,seal0,0.2672739288519198,0.2750466534441069,10,40
gpqa-diamond,mmau,0.2672485335570902,0.29491282252589907,40,40
aime,dacode,0.26722218398589354,0.2968790592136279,40,40
omnimath,simpleqa,0.26682806083775845,0.2865104136551594,40,40
humanevalfix,pixiu,0.2666360368205724,0.3041957848414673,40,40
compilebench,seal0,0.2660126677378624,0.27766489867178734,15,40
dacode,seal0,0.2659346303002006,0.29108764467962156,40,40
aime,simpleqa,0.2658552154501187,0.29086521109389424,40,40
simpleqa,swe-lancer,0.2658089178110188,0.2872806725185388,40,40
featurebench-modal,seal0,0.2656097445687534,0.28620267509089686,40,40
bixbench,swesmith,0.265377336674834,0.2854481978608474,39,40
reasoning-gym,swe-lancer,0.2646652429871489,0.2997415195166475,40,40
bigcodebench,swebenchpro,0.2646057686006963,0.2839954320538095,40,40
gaia,reasoning-gym,0.26414899748378506,0.2994300222196916,40,40
kumo,mmau,0.26368094133847003,0.29672108596521,40,40
mmau,mmau,0.26365555355832926,0.2912139641958513,40,40
aa-lcr,omnimath,0.2636167691960193,0.28596874700091107,40,40
dacode,omnimath,0.26329076041660876,0.2847289040809528,40,40
reasoning-gym,swesmith,0.2632832041237937,0.28881789744945785,40,40
aime,swebench-verified,0.2631443421353549,0.29528795194843827,40,40
gaia2,seal0,0.26277596076791,0.28852461657115297,40,40
seal0,spider2,0.26249350318988074,0.28182212401816653,40,36
aime,spider2,0.26248721582094825,0.2907010665275464,40,36
aime,seal0,0.26224549506907574,0.28203864155712355,40,40
deepsynth,mmau,0.2621799484892302,0.2958990830808484,35,40
cybergym,gaia,0.26215213094654616,0.27803869817813665,10,40
seal0,swe-lancer,0.26213761187332085,0.2838140002930504,40,40
strongreject,usaco,0.261753375780736,0.2787202176317834,40,40
compilebench,labbench,0.2616074885261034,0.2713851077522754,15,40
labbench,spider2,0.2613814623606041,0.28110679789038395,40,36
medagentbench,mmau,0.26098033935595816,0.2907595203393978,40,40
aime,swe-lancer,0.2596333136370091,0.28589689767492943,40,40
codepde,gso,0.25923567595830055,0.2709026202260119,4,40
mmau,pixiu,0.25918558950086834,0.29258220127481044,40,40
cybergym,deepsynth,0.258967859952266,0.30029598468339874,10,35
humanevalfix,swe-lancer,0.2589173300826917,0.2728226111657731,40,40
gso,strongreject,0.2589170932196554,0.2848236898607866,40,40
codepde,usaco,0.2584924674022857,0.2757656622884214,4,40
scicode,usaco,0.2583137047999916,0.2795618285530358,40,40
scicode,skillsbench,0.25826773690801164,0.2838710096859822,40,40
humanevalfix,omnimath,0.25819896858384456,0.27643404591120246,40,40
codepde,swebenchpro,0.2581988497262959,0.2644714984605767,4,40
algotune,simpleqa,0.2581899382905017,0.27362018981748365,40,40
omnimath,usaco,0.25805691968226363,0.2767176723367898,40,40
qcircuitbench,strongreject,0.257486595041318,0.289504064227022,25,40
cybergym,omnimath,0.25741922244622334,0.26353370943002724,10,40
omnimath,swtbench,0.257323495285534,0.2778192812743394,40,40
research-code-bench,widesearch,0.2572405600200155,0.2668468868197103,40,40
deepsynth,usaco,0.2571469097406421,0.28023911165159665,35,40
labbench,sldbench,0.257138390214628,0.26783240808629377,40,8
omnimath,skillsbench,0.2570938695904049,0.27980499813629917,40,40
bigcodebench,bigcodebench,0.2570370090203562,0.2881597799838291,40,40
dacode,strongreject,0.2570080664497309,0.2777705606289314,40,40
omnimath,swe-lancer,0.25632974355732163,0.28313790484777,40,40
cybergym,mmau,0.25616466313298347,0.2740427856046625,10,40
qcircuitbench,seal0,0.2560926503376855,0.27272775561163926,25,40
kumo,omnimath,0.2557886286927346,0.27718541997291274,40,40
pixiu,strongreject,0.25536871154347873,0.2796418658761912,40,40
bixbench,bixbench,0.25482359571881263,0.3089029675924893,39,39
crustbench,omnimath,0.254731428350623,0.2710520824435319,40,40
featurebench-modal,humanevalfix,0.2546976906339112,0.2818588591435836,40,40
seal0,usaco,0.2540479893072366,0.2732299373025638,40,40
algotune,bigcodebench,0.2539628367937814,0.2866952515726362,40,40
bfcl,swesmith,0.25367859126692704,0.268163724073549,40,40
aa-lcr,aime,0.2534915655422947,0.2817117482471252,40,40
seal0,swebench-verified,0.25284994965241414,0.27606292609447164,40,40
mmau,swesmith,0.2527719237767591,0.280328103157725,40,40
seal0,swebench-multilingual,0.25276253595048326,0.271504319461908,40,40
seal0,spreadsheetbench,0.25261303220298054,0.28506260697384334,40,40
featurebench-modal,labbench,0.2523364446295806,0.27491505657904264,40,40
mmau,swe-lancer,0.2521190311810977,0.2857192155904294,40,40
bixbench,research-code-bench,0.25197608736086924,0.220861134480331,39,40
simpleqa,swebench-multilingual,0.25186419172717345,0.2687663229019323,40,40
bigcodebench,medagentbench,0.25161151257162273,0.2693657266985187,40,40
bigcodebench,featurebench-modal,0.25124318466251927,0.2653555429905206,40,40
financeagent_terminal,ineqmath,0.2511235080863889,0.2683148594679873,40,40
dacode,usaco,0.2508212096992588,0.2762471715950946,40,40
codepde,terminal-bench,0.2508062606229075,0.278171651279653,4,40
omnimath,qcircuitbench,0.25076087907528566,0.27616583538889333,40,25
bigcodebench,swesmith,0.250530367663953,0.2723087282436462,40,40
bigcodebench,financeagent_terminal,0.2505151486656064,0.2849645499165103,40,40
spreadsheetbench,strongreject,0.24984066993863743,0.284506773397193,40,40
codepde,hle,0.2495903489970146,0.2501350008833376,4,40
codepde,spider2,0.24948853756809167,0.28328949018877814,4,36
codepde,mmau,0.2493911956120906,0.27800685559850635,4,40
bigcodebench,deepsynth,0.248923494706203,0.27520474391142596,40,35
aime,qcircuitbench,0.24885977004193632,0.28894655901652605,40,25
aime,mmau,0.24876876002859535,0.27906792269272723,40,40
replicationbench,usaco,0.24875071735590792,0.2709775868744094,40,40
aime,kumo,0.24854379256249692,0.3111944170831463,40,40
codepde,reasoning-gym,0.24847035712617788,0.2729846171950101,4,40
aime,swebench-multilingual,0.24762030212015493,0.2835085141164244,40,40
mmau,spider2,0.2475328152115677,0.27994038869121973,40,36
gso,labbench,0.2475194518261019,0.2717938073915704,40,40
humanevalfix,seal0,0.24743559989085903,0.24746133097754996,40,40
codepde,gaia,0.247000919451643,0.25255547883668095,4,40
bigcodebench,cybergym,0.24687939380806764,0.2792693752934737,40,10
omnimath,swebench-verified,0.24681080026767147,0.26119050258902277,40,40
reasoning-gym,reasoning-gym,0.24666407344747884,0.3006074864951234,40,40
strongreject,swesmith,0.24641061643888482,0.25767703675251785,40,40
strongreject,swtbench,0.24633113696233916,0.2637172845912228,40,40
skillsbench,usaco,0.24623219016976966,0.27186481629134585,40,40
bfcl,crustbench,0.24615178206547383,0.26501040137300785,40,40
aime,pixiu,0.24583202645401325,0.2819104056639745,40,40
omnimath,swebench-multilingual,0.2456309062310123,0.26404969170591636,40,40
lawbench,seal0,0.2454662031386476,0.2785771764345789,40,40
codepde,gaia2,0.24540711190256428,0.26127491757282667,4,40
aa-lcr,codepde,0.24517520957303024,0.26312925479284877,40,4
bfcl,spreadsheetbench,0.24423404742824842,0.26756083668186736,40,40
gaia2,research-code-bench,0.24413657320089477,0.2596482983617918,40,40
aider-polyglot,codepde,0.2438693988865807,0.2479966974339475,40,4
aime,bixbench,0.24370867276126837,0.28897744217887866,40,39
bigcodebench,swe-lancer,0.2431722267184075,0.2731300294983318,40,40
aime,reasoning-gym,0.24315827770669368,0.2708438046974132,40,40
gaia,research-code-bench,0.24310836950898995,0.29120960713399746,40,40
strongreject,swebench-multilingual,0.24288880151282324,0.275494112043921,40,40
bigcodebench,mmau,0.2427624116554481,0.27294807979280905,40,40
gaia,labbench,0.24269796285434012,0.25731215299702886,40,40
gaia,mmau,0.24228245769132417,0.27695503293362045,40,40
mmau,skillsbench,0.24200175032164734,0.27233632761590115,40,40
lawbench,simpleqa,0.24190297853296883,0.28196939127986115,40,40
omnimath,reasoning-gym,0.24096680876002036,0.2686211125372508,40,40
strongreject,swebench-verified,0.24082551491573545,0.270432129800777,40,40
spreadsheetbench,usaco,0.24077412556608463,0.2678857554612565,40,40
algotune,bfcl,0.2405158918455117,0.26447044960642646,40,40
compilebench,usaco,0.24040109522438605,0.24813825775699144,15,40
codepde,widesearch,0.24039798579644842,0.2711273614167476,4,40
bigcodebench,bixbench,0.2402489792504523,0.26347405207479735,40,39
bigcodebench,reasoning-gym,0.24016654884138472,0.2672937637150276,40,40
arc-agi-2,codepde,0.23973164826269786,0.258780209681902,40,4
aime,compilebench,0.2395841080733502,0.29763363383395913,40,15
strongreject,terminal-bench,0.2393556798963119,0.2661901934624694,40,40
humanevalfix,replicationbench,0.23918431247466257,0.27351792807882247,40,40
bigcodebench,hle,0.23902872125183022,0.2716976950733329,40,40
reasoning-gym,strongreject,0.23879861567715122,0.26029791770147404,40,40
humanevalfix,labbench,0.23852713419021623,0.23629803014681428,40,40
bfcl,gso,0.23837781571907635,0.2624423878850956,40,40
bixbench,mmau,0.23797875343018154,0.2712630666778229,39,40
livecodebench,swesmith,0.23773786750945913,0.2538041081799962,40,40
mmau,reasoning-gym,0.23771335493960466,0.2766616790639457,40,40
ineqmath,scicode,0.23721925898918766,0.25436681661872884,40,40
codepde,kumo,0.2369425993289041,0.28238642546787796,4,40
bfcl,gaia2,0.23673664007218567,0.26158614669897334,40,40
reasoning-gym,seal0,0.23657688473768826,0.2680084917062095,40,40
bigcodebench,replicationbench,0.23622847928483695,0.25824948765687905,40,40
labbench,swebench-verified,0.2362044335771768,0.24959404320183778,40,40
bfcl,mmau,0.23609709434671905,0.25469680934774674,40,40
labbench,swe-lancer,0.2359938761725628,0.2521952409802484,40,40
humanevalfix,research-code-bench,0.23592329511110957,0.19643938396521216,40,40
swe-lancer,usaco,0.23576174747276074,0.26465319327724957,40,40
aime,cybergym,0.2354828241423361,0.27679796398834866,40,10
compilebench,omnimath,0.23547081630315236,0.25251122490178746,15,40
bfcl,financeagent_terminal,0.23541487676709463,0.2564736602869866,40,40
bixbench,mmmlu,0.2346441675502219,0.21427983588593752,39,40
bfcl,bfcl,0.23407513860559587,0.26354437618384546,40,40
bfcl,replicationbench,0.23402308853862042,0.2661842591125316,40,40
codepde,gpqa-diamond,0.23339191674428456,0.24650068589235224,4,40
algotune,codepde,0.233332326288609,0.25622256729988135,40,4
labbench,swtbench,0.23330407647841123,0.25254455102539813,40,40
bfcl,bigcodebench,0.23287852404967016,0.2559863371989551,40,40
bigcodebench,gpqa-diamond,0.2328152608869073,0.27074440442650416,40,40
labbench,omnimath,0.23252907015925292,0.2576931700584305,40,40
aider-polyglot,bfcl,0.23188110634303233,0.2542853974404118,40,40
codepde,swtbench,0.23174330126932274,0.2628658689834074,4,40
dacode,labbench,0.23145898372252985,0.25905890669511833,40,40
medagentbench,seal0,0.23132299652402025,0.2620126470468847,40,40
mmau,strongreject,0.23094026356036326,0.2489992397239893,40,40
livecodebench,strongreject,0.2305344647666212,0.2663385023997353,40,40
lawbench,usaco,0.23035728097072958,0.24575224308605215,40,40
bfcl,featurebench-modal,0.23018225462861236,0.2603197739978812,40,40
bigcodebench,strongreject,0.2299864407057532,0.2525430294596399,40,40
aa-lcr,strongreject,0.22998644070575316,0.2458477585268539,40,40
ineqmath,omnimath,0.22955471775375275,0.25536725475345806,40,40
featurebench-modal,research-code-bench,0.22941582442937164,0.2726357021989572,40,40
financeagent_terminal,strongreject,0.22938594133646145,0.25763220032148115,40,40
codepde,swesmith,0.2291238138362656,0.23870112358873782,4,40
omnimath,strongreject,0.22905630677917346,0.2548594863518485,40,40
featurebench-modal,mmmlu,0.22875683866643992,0.2614125913469507,40,40
bfcl,spider2,0.22857295931301036,0.24865841586246518,40,36
bfcl,hle,0.22820637852854364,0.2512977342436622,40,40
strongreject,widesearch,0.2279463791099718,0.2512980852242401,40,40
gaia,mmmlu,0.227586458020948,0.2890630732383911,40,40
bfcl,deepsynth,0.22708544565207572,0.25341105986628,40,35
bfcl,swe-lancer,0.22657449540085425,0.25116507300088947,40,40
seal0,swesmith,0.22654322818815797,0.26018968596624326,40,40
codepde,financeagent_terminal,0.226494046962255,0.2395750503897474,4,40
mmmlu,scicode,0.2264556724784623,0.22150986893802319,40,40
aa-lcr,usaco,0.22585861988050793,0.2570400262726246,40,40
research-code-bench,strongreject,0.2255336600242152,0.19838859419018207,40,40
research-code-bench,scicode,0.22502553573018166,0.21972246406842635,40,40
codepde,pixiu,0.2249854350577305,0.26250357609176345,4,40
mmau,omnimath,0.2248097664106506,0.25608717424097643,40,40
bfcl,medagentbench,0.22440605424599486,0.24617324359817952,40,40
bfcl,dacode,0.22401531512218498,0.24961982685454193,40,40
arc-agi-2,bfcl,0.22388591007341263,0.2499990038666193,40,40
algotune,strongreject,0.2237858458192739,0.2513511872442912,40,40
aime,research-code-bench,0.22360689837296754,0.22125778618863742,40,40
aime,mmmlu,0.22360689837296752,0.21398431442450982,40,40
bfcl,terminal-bench,0.22335611307543873,0.2424523821528459,40,40
scicode,seal0,0.22261850331341326,0.24716158497747537,40,40
labbench,swesmith,0.22239320502558158,0.2515571833768276,40,40
lawbench,strongreject,0.22235474618198128,0.2587642449308798,40,40
reasoning-gym,simpleqa,0.22220862253788398,0.2582886434219963,40,40
bfcl,sldbench,0.22185009046542034,0.25127293997587924,40,8
gaia2,mmmlu,0.22176651943581727,0.24465700878366944,40,40
ineqmath,medagentbench,0.22144228400006055,0.25868860389518256,40,40
bfcl,pixiu,0.22129706564043283,0.24709055294686025,40,40
mmmlu,widesearch,0.22119011874950345,0.25359442070230986,40,40
aa-lcr,bigcodebench,0.2210228543519279,0.24774599062559843,40,40
aa-lcr,mmau,0.22098243937189704,0.25610965991947277,40,40
strongreject,swe-lancer,0.22096624715951094,0.24455535158317493,40,40
financeagent_terminal,labbench,0.22089262015042024,0.24166588068127198,40,40
algotune,labbench,0.22052062596104818,0.2540276832359932,40,40
strongreject,swebenchpro,0.220192966962506,0.24572069133097435,40,40
gaia,usaco,0.2198701086794705,0.2417187427968788,40,40
codepde,deepsynth,0.21986786522849164,0.2411686064417565,4,35
bigcodebench,skillsbench,0.21970536386040232,0.25860161117735314,40,40
bfcl,reasoning-gym,0.21907974189837465,0.2467122479887663,40,40
scicode,strongreject,0.21907594510576903,0.24118452833774298,40,40
bfcl,livecodebench,0.21879742760122342,0.24024999316762824,40,40
featurebench-modal,usaco,0.21873882542616824,0.2341354274608837,40,40
quixbugs,strongreject,0.2187173919584726,0.25649016897869326,40,40
bfcl,swebenchpro,0.21870348397112557,0.24211403191764455,40,40
codepde,labbench,0.21829333063939346,0.22902806937486436,4,40
aime,bigcodebench,0.21828060639891098,0.24078745932855952,40,40
codepde,skillsbench,0.2180167673219846,0.24790427617454638,4,40
bfcl,gpqa-diamond,0.21773900250305767,0.24254003263344664,40,40
mmmlu,strongreject,0.21755155793695438,0.19724591336752098,40,40
bfcl,omnimath,0.217545231568422,0.24498670837900882,40,40
bixbench,strongreject,0.21738295153175338,0.25242645813005427,39,40
labbench,spreadsheetbench,0.2166742149944363,0.24189328868297236,40,40
bfcl,lawbench,0.21624188412609233,0.2463486863570843,40,40
codepde,quixbugs,0.21607982667296,0.28816679023283476,4,40
bfcl,swebench-verified,0.21549858598176325,0.23534049294059906,40,40
bfcl,swebench-multilingual,0.21525354328284235,0.2311187892337646,40,40
replicationbench,research-code-bench,0.21442245705886653,0.22378659441170282,40,40
research-code-bench,terminal-bench,0.2144224126955896,0.22732892490456827,40,40
labbench,medagentbench,0.2138591754857336,0.23773814336430188,40,40
financeagent_terminal,research-code-bench,0.21320062913712096,0.21279512982412205,40,40
aime,ineqmath,0.2131604930769238,0.26356981109649424,40,40
swebench-multilingual,usaco,0.21303936354075376,0.23633336017591425,40,40
bfcl,ineqmath,0.2130214941150595,0.23412227495320967,40,40
qcircuitbench,simpleqa,0.21282155714433987,0.2388565878373022,25,40
seal0,strongreject,0.21242177793540284,0.2260005947584267,40,40
labbench,reasoning-gym,0.2120255027692246,0.2436254364710135,40,40
spider2,strongreject,0.21142904643092952,0.24698064862003485,36,40
bigcodebench,omnimath,0.21137396191182317,0.2409171870963897,40,40
aime,labbench,0.21100439726929593,0.22163768434878187,40,40
bfcl,bixbench,0.21057970595227699,0.23851893809252325,40,39
mmau,seal0,0.21037041595242528,0.23853776968990112,40,40
aime,bfcl,0.20972755600168477,0.2381936312056782,40,40
bigcodebench,seal0,0.2095534116687659,0.23354397642994884,40,40
bfcl,skillsbench,0.20950141484914225,0.23291393888613945,40,40
bfcl,qcircuitbench,0.2085693721582179,0.23659471482694736,40,25
mmau,simpleqa,0.2085440200749684,0.2483417293470514,40,40
bigcodebench,usaco,0.20850077990052845,0.25341465159827337,40,40
deepsynth,strongreject,0.20831551645891627,0.24543979355943943,35,40
bfcl,widesearch,0.20761300889038886,0.23100672364484026,40,40
medagentbench,usaco,0.20706419501880863,0.2333308596654993,40,40
lawbench,research-code-bench,0.20702572381576476,0.23033077545070696,40,40
codepde,qcircuitbench,0.20689516059940277,0.275839505809063,4,25
bfcl,cybergym,0.20678186721857894,0.23330995052783315,40,10
codepde,simpleqa,0.20670422551533635,0.22051548176198582,4,40
lawbench,mmmlu,0.2065770006489476,0.22491940953251763,40,40
bfcl,gaia,0.20624458600993834,0.2307334909061698,40,40
bfcl,scicode,0.2062210848253354,0.237269288806991,40,40
swesmith,usaco,0.20610204113020617,0.2296710602515798,40,40
bfcl,seal0,0.2053332750732498,0.23156484706364558,40,40
ineqmath,reasoning-gym,0.20531164476732744,0.2333945467322954,40,40
bfcl,quixbugs,0.20512468351344404,0.23842086023222817,40,40
deepsynth,ineqmath,0.20504554684837034,0.22051323935807476,35,40
bfcl,usaco,0.2044647519521824,0.22668972303552073,40,40
gaia2,usaco,0.20435118211730463,0.22355204585528873,40,40
gaia,strongreject,0.20426958761893615,0.2280411731893003,40,40
mmmlu,terminal-bench,0.20398433339951777,0.2183218696850362,40,40
spider2,usaco,0.20350799033379885,0.23022767710299882,36,40
medagentbench,strongreject,0.20334749517050726,0.22188236355608318,40,40
bfcl,swtbench,0.20315519307025787,0.2303288742028935,40,40
codepde,featurebench-modal,0.20280369247862665,0.21314776532201768,4,40
featurebench-modal,strongreject,0.20273067539216372,0.2202483797574979,40,40
ineqmath,swesmith,0.20261020785052958,0.22120442735929252,40,40
gaia2,strongreject,0.20231438149086428,0.23680808967991424,40,40
kumo,strongreject,0.20132092975696528,0.2327271811827767,40,40
bfcl,labbench,0.20128381008458224,0.2250218963494563,40,40
bigcodebench,gaia,0.20121095490757893,0.2361290458882612,40,40
codepde,livecodebench,0.2010796918769604,0.2409575109673078,4,40
gaia2,labbench,0.20103614420936786,0.23335146720423516,40,40
codepde,replicationbench,0.2009409725745162,0.21498309519434708,4,40
kumo,research-code-bench,0.20089481401103967,0.22683859433878886,40,40
sldbench,strongreject,0.20041281071099692,0.24065780125825623,8,40
hle,ineqmath,0.20038318521694753,0.2273849811507816,40,40
codepde,medagentbench,0.199999959999972,0.23461529276448356,4,40
gpqa-diamond,ineqmath,0.19891225282760866,0.223539255439567,40,40
labbench,swebench-multilingual,0.19872323028911287,0.22284872768193104,40,40
ineqmath,widesearch,0.19852665306292666,0.2242547617040177,40,40
aa-lcr,bfcl,0.19842554282331326,0.21843032061017287,40,40
bfcl,strongreject,0.1982346628077873,0.2351971142009294,40,40
codepde,seal0,0.1981376742492726,0.21629272071353337,4,40
codepde,cybergym,0.19805080553677545,0.25512474888020414,4,10
mmmlu,replicationbench,0.1978376064813118,0.21644134674162274,40,40
financeagent_terminal,mmmlu,0.19706593885967935,0.20388782187583268,40,40
humanevalfix,simpleqa,0.1962467809608346,0.21525504186649486,40,40
bfcl,simpleqa,0.1961317181891184,0.22054656454963895,40,40
ineqmath,swebench-multilingual,0.1960936562994417,0.21321977729638966,40,40
ineqmath,spreadsheetbench,0.1959875707329894,0.21669749691448315,40,40
featurebench-modal,ineqmath,0.19517925607056272,0.20635776140192533,40,40
labbench,usaco,0.19446864043819362,0.23340830726653664,40,40
research-code-bench,swtbench,0.1940542481942199,0.19461033183417442,40,40
ineqmath,swe-lancer,0.19398579120870313,0.21831313866257157,40,40
aime,strongreject,0.193772751961731,0.23319291605901488,40,40
compilebench,strongreject,0.193772751961731,0.23573521837294392,15,40
algotune,ineqmath,0.1933932148594613,0.21688489483003928,40,40
labbench,qcircuitbench,0.1912455336318398,0.21448922852411575,40,25
kumo,usaco,0.19119594710180635,0.21937058613837387,40,40
codepde,swe-lancer,0.1909434535615246,0.23009922589135914,4,40
bfcl,compilebench,0.19050055316238373,0.22398309636039443,40,15
gaia2,ineqmath,0.19042367324544196,0.21151791181828028,40,40
labbench,lawbench,0.18999213676988264,0.25247056302538096,40,40
crustbench,strongreject,0.18940456102182868,0.21276169600412728,40,40
kumo,mmmlu,0.18932453276914007,0.21436538571122782,40,40
dacode,ineqmath,0.18926172450605816,0.21464251110777155,40,40
simpleqa,strongreject,0.18856179653129673,0.19944402429886082,40,40
swebench-verified,usaco,0.1884869475407624,0.2177544749027299,40,40
mmmlu,swtbench,0.18833325710353618,0.18937726160290372,40,40
omnimath,research-code-bench,0.18811325601294007,0.20677024554081938,40,40
ineqmath,lawbench,0.187124073009881,0.224021233989948,40,40
ineqmath,mmau,0.18711646727899672,0.21443109509691982,40,40
replicationbench,strongreject,0.18704472622113963,0.21450421656035806,40,40
labbench,strongreject,0.18655521654967192,0.20299244690419926,40,40
bfcl,kumo,0.18626617725231992,0.2225907170839715,40,40
skillsbench,strongreject,0.18621492267871062,0.2267837099215894,40,40
humanevalfix,mmmlu,0.18596121304511254,0.17572528922340352,40,40
ineqmath,swebench-verified,0.18582464566503537,0.20603735405118898,40,40
arc-agi-2,research-code-bench,0.18569528054745857,0.18070780126914826,40,40
hle,research-code-bench,0.1856952805474585,0.21129542597731515,40,40
cybergym,strongreject,0.1846892856181982,0.21527114411369758,10,40
bixbench,codepde,0.18413479402245975,0.23774320621525022,39,4
ineqmath,sldbench,0.183744874513879,0.20492675364541296,40,8
deepsynth,research-code-bench,0.18360837260844115,0.22656977900134823,35,40
scicode,simpleqa,0.183035307728324,0.20411017365101622,40,40
simpleqa,usaco,0.18235991176456903,0.20740567324690581,40,40
bfcl,codepde,0.18180802452455752,0.22648361623637184,40,4
labbench,mmau,0.18160730502072356,0.21015235053306125,40,40
ineqmath,pixiu,0.18127334688072633,0.21642512225368804,40,40
ineqmath,strongreject,0.1812486714736294,0.20812955404986297,40,40
ineqmath,spider2,0.18104459709114815,0.21159799311459232,40,36
arc-agi-2,mmmlu,0.1803487377409921,0.17300681377269683,40,40
ineqmath,swtbench,0.17960256138338718,0.21241173321716367,40,40
bigcodebench,ineqmath,0.17934727242722187,0.20341576483710008,40,40
bixbench,ineqmath,0.1789160133806857,0.20299831654646702,39,40
ineqmath,kumo,0.17868560588223678,0.21125576157169657,40,40
hle,mmmlu,0.17842015385922255,0.2042674500085083,40,40
bigcodebench,simpleqa,0.17830700581100517,0.21013063643665209,40,40
ineqmath,quixbugs,0.17817416869886832,0.20179773041139243,40,40
ineqmath,replicationbench,0.17782264306186163,0.19785489359441302,40,40
ineqmath,terminal-bench,0.1774455071753664,0.2025158431841285,40,40
mmmlu,omnimath,0.1770841787035301,0.20081619452277408,40,40
codepde,sldbench,0.17688298735781005,0.268078138998183,4,8
codepde,ineqmath,0.1766599669308503,0.21105296285438852,4,40
codepde,omnimath,0.17646772833486218,0.2071538793830115,4,40
deepsynth,mmmlu,0.17466691041795956,0.21808328093948245,35,40
ineqmath,livecodebench,0.17439188839096462,0.19236163006063287,40,40
ineqmath,swebenchpro,0.17436566524787017,0.19844066181098977,40,40
compilebench,ineqmath,0.17423614089652237,0.19350275406534712,15,40
crustbench,research-code-bench,0.1740776084799721,0.17436089268782554,40,40
ineqmath,qcircuitbench,0.173494864059615,0.19220234972560954,40,25
aa-lcr,ineqmath,0.1722342078656786,0.19437030307619857,40,40
ineqmath,seal0,0.17202656095558544,0.19842171431812983,40,40
bfcl,humanevalfix,0.17155022155732608,0.23256259030416046,40,40
dacode,research-code-bench,0.17087504032864254,0.17582316615338991,40,40
ineqmath,usaco,0.17029707538302744,0.18921380276097766,40,40
crustbench,ineqmath,0.1691598989191032,0.19223689955129258,40,40
aime,codepde,0.1686973564016021,0.21768757661652546,40,4
cybergym,ineqmath,0.16625854561101228,0.19547430706025654,10,40
ineqmath,simpleqa,0.16518240804723186,0.18870305772849427,40,40
arc-agi-2,ineqmath,0.16446090333093427,0.19870755411434182,40,40
gso,research-code-bench,0.16390749277703695,0.18516635963122988,40,40
codepde,strongreject,0.16329925494826336,0.19898224247706758,4,40
gso,ineqmath,0.16241565892690601,0.18751654491257969,40,40
ineqmath,skillsbench,0.16222134998100857,0.18467495051817528,40,40
aider-polyglot,ineqmath,0.16144327292643768,0.20257936546164082,40,40
mmmlu,usaco,0.16035164406974656,0.16612356442188114,40,40
dacode,mmmlu,0.15933105425144126,0.16674187268596036,40,40
cybergym,usaco,0.15894939334866068,0.19692829644394297,10,40
research-code-bench,spider2,0.15833409679116514,0.18455963763549738,40,36
research-code-bench,swesmith,0.1583339186103494,0.18873478884927442,40,40
research-code-bench,usaco,0.15659871163716754,0.1634183947487947,40,40
gpqa-diamond,research-code-bench,0.15659871163716751,0.1856801234084115,40,40
bigcodebench,labbench,0.15539807958803548,0.18815351409488984,40,40
labbench,scicode,0.15429109632580695,0.1855163988186622,40,40
gso,mmmlu,0.15410144400697162,0.1759757222566802,40,40
aider-polyglot,research-code-bench,0.149729189374321,0.17082859538483233,40,40
crustbench,mmmlu,0.14967499186511918,0.16258152768848333,40,40
aider-polyglot,mmmlu,0.14745373298588837,0.1599297857762246,40,40
qcircuitbench,research-code-bench,0.14650479466723992,0.1702790770261497,25,40
mmmlu,swesmith,0.14644455377424379,0.17887270783368833,40,40
compilebench,research-code-bench,0.1458648332188628,0.18553123232514188,15,40
humanevalfix,ineqmath,0.14552138415254445,0.1848543896286924,40,40
reasoning-gym,research-code-bench,0.14495311307670808,0.1952349216113565,40,40
gpqa-diamond,mmmlu,0.14409118483640448,0.18395277083920902,40,40
ineqmath,labbench,0.14368033122143417,0.16948487166241294,40,40
humanevalfix,strongreject,0.14285714285714285,0.1987980397103024,40,40
mmmlu,spider2,0.14262697860396417,0.17204583338741306,40,36
compilebench,mmmlu,0.14262697860396417,0.17591195594332895,15,40
mmmlu,qcircuitbench,0.1404694259376954,0.16854545874784424,40,25
mmmlu,reasoning-gym,0.13814690540326102,0.19244540806705185,40,40
algotune,mmmlu,0.1284030629156011,0.14896949446388166,40,40
bfcl,mmmlu,0.12768529400246778,0.1591378627605379,40,40
bfcl,research-code-bench,0.12655198937548728,0.15781058977048015,40,40
research-code-bench,swe-lancer,0.12499988281248609,0.16015224177970303,40,40
mmmlu,swe-lancer,0.12499988281248609,0.15480133207736468,40,40
research-code-bench,swebench-multilingual,0.11867822097964789,0.15584766668804476,40,40
mmmlu,spreadsheetbench,0.11816162368866763,0.1357633555579531,40,40
algotune,research-code-bench,0.11675059755779925,0.15551997559518496,40,40
mmmlu,swebench-multilingual,0.11561412990650731,0.15143425062717486,40,40
research-code-bench,swebench-verified,0.11470808427646813,0.14249760125046834,40,40
medagentbench,mmmlu,0.11381104657095083,0.14003986837122614,40,40
mmau,research-code-bench,0.11250882854495495,0.14695562757101693,40,40
mmau,mmmlu,0.11250882854495495,0.14676667148302389,40,40
medagentbench,research-code-bench,0.11250882854495495,0.14517541174250698,40,40
quixbugs,research-code-bench,0.11250881999998003,0.15136748763287777,40,40
mmmlu,quixbugs,0.10721145311848607,0.13793143819337023,40,40
bigcodebench,mmmlu,0.10694921826402154,0.12961088158611397,40,40
bigcodebench,research-code-bench,0.10206195779614129,0.1288412389246192,40,40
pixiu,research-code-bench,0.10000004499999098,0.12000083662243455,40,40
research-code-bench,spreadsheetbench,0.10000003899998641,0.1465559449990843,40,40
cybergym,mmmlu,0.09736164554470829,0.17603752165350234,10,40
mmmlu,swebench-verified,0.09622494329405602,0.13270649061457146,40,40
mmmlu,pixiu,0.0944913004851582,0.1164679922463188,40,40
livecodebench,research-code-bench,0.09167012201610161,0.117761329052104,40,40
cybergym,research-code-bench,0.09166972490860494,0.17972223063790022,10,40
ineqmath,research-code-bench,0.09128713399671384,0.11630483164601356,40,40
ineqmath,mmmlu,0.08868362060340715,0.1215022959940616,40,40
livecodebench,mmmlu,0.08073112753335138,0.10668399212622943,40,40
research-code-bench,sldbench,0.07385095902465531,0.09950375554956152,40,8
mmmlu,sldbench,0.07379099495668963,0.08373923657723653,40,8
