left,right,spearman,abs_spearman
gaia2,spider2,0.9816043864235214,0.9816043864235214
aider-polyglot,swe-lancer,0.9705882352941176,0.9705882352941176
gaia2,spreadsheetbench,0.9705449189985272,0.9705449189985272
spider2,spreadsheetbench,0.9610009960038374,0.9610009960038374
deepsynth,terminal-bench,0.9588235294117647,0.9588235294117647
arc-agi-2,kumo,0.9577051191270676,0.9577051191270676
aider-polyglot,pixiu,0.9529411764705882,0.9529411764705882
gpqa-diamond,hle,0.95,0.95
dacode,swebench-verified,0.9498566400340511,0.9498566400340511
humanevalfix,terminal-bench,0.9495026561930446,0.9495026561930446
dacode,spreadsheetbench,0.9492276300497322,0.9492276300497322
aider-polyglot,arc-agi-2,0.9455091255546018,0.9455091255546018
aider-polyglot,terminal-bench,0.9441176470588235,0.9441176470588235
pixiu,swe-lancer,0.9411764705882353,0.9411764705882353
arc-agi-2,pixiu,0.9396181029654764,0.9396181029654764
arc-agi-2,swe-lancer,0.9396181029654764,0.9396181029654764
deepsynth,hle,0.9382352941176471,0.9382352941176471
deepsynth,swe-lancer,0.9352941176470588,0.9352941176470588
bixbench,hle,0.9332714015665732,0.9332714015665732
arc-agi-2,terminal-bench,0.927836057787226,0.927836057787226
swe-lancer,terminal-bench,0.9264705882352942,0.9264705882352942
gpqa-diamond,omnimath,0.9235294117647059,0.9235294117647059
aider-polyglot,deepsynth,0.9235294117647059,0.9235294117647059
deepsynth,humanevalfix,0.9203579866168445,0.9203579866168445
featurebench-modal,terminal-bench,0.9189995239035381,0.9189995239035381
dacode,spider2,0.9176470588235294,0.9176470588235294
aider-polyglot,swebench-verified,0.9174081212751239,0.9174081212751239
aime,omnimath,0.9164941580955479,0.9164941580955479
bixbench,replicationbench,0.9153298679952886,0.9153298679952886
featurebench-modal,spreadsheetbench,0.9130437261753787,0.9130437261753787
swebench-verified,terminal-bench,0.9115083905916826,0.9115083905916826
dacode,featurebench-modal,0.9101629900198502,0.9101629900198502
deepsynth,gpqa-diamond,0.9088235294117647,0.9088235294117647
hle,swe-lancer,0.9088235294117647,0.9088235294117647
aider-polyglot,hle,0.9088235294117647,0.9088235294117647
dacode,terminal-bench,0.9088235294117647,0.9088235294117647
aider-polyglot,replicationbench,0.9086902343725689,0.9086902343725689
replicationbench,skillsbench,0.9086902343725689,0.9086902343725689
arc-agi-2,deepsynth,0.9086902343725689,0.9086902343725689
compilebench,pixiu,0.908047850172882,0.908047850172882
deepsynth,featurebench-modal,0.9072174787252877,0.9072174787252877
arc-agi-2,swebench-verified,0.9069433823125713,0.9069433823125713
featurebench-modal,spider2,0.9057447230780064,0.9057447230780064
swe-lancer,swebench-verified,0.9056086599082414,0.9056086599082414
crustbench,replicationbench,0.9034637677893578,0.9034637677893578
dacode,gaia2,0.9021341662333113,0.9021341662333113
arc-agi-2,bixbench,0.898984691781087,0.898984691781087
gaia2,gso,0.8975684087825757,0.8975684087825757
dacode,swe-lancer,0.8970588235294118,0.8970588235294118
kumo,swe-lancer,0.8969905329370366,0.8969905329370366
aider-polyglot,kumo,0.8969905329370366,0.8969905329370366
featurebench-modal,swebenchpro,0.8969081891943185,0.8969081891943185
livecodebench,replicationbench,0.8969081891943185,0.8969081891943185
aider-polyglot,bixbench,0.8961779436346744,0.8961779436346744
gso,spreadsheetbench,0.8960945690308801,0.8960945690308801
replicationbench,swe-lancer,0.8954354335470371,0.8954354335470371
livecodebench,seal0,0.8947758125119956,0.8947758125119956
dacode,deepsynth,0.8941176470588236,0.8941176470588236
gpqa-diamond,scicode,0.8941176470588236,0.8941176470588236
bixbench,skillsbench,0.8932104670001225,0.8932104670001225
aider-polyglot,humanevalfix,0.8927472470183392,0.8927472470183392
featurebench-modal,humanevalfix,0.8925268230106647,0.8925268230106647
skillsbench,swe-lancer,0.8911764705882353,0.8911764705882353
bixbench,swe-lancer,0.8887592520482946,0.8887592520482946
skillsbench,terminal-bench,0.888235294117647,0.888235294117647
arc-agi-2,skillsbench,0.8880716553106306,0.8880716553106306
aider-polyglot,livecodebench,0.8852941176470588,0.8852941176470588
kumo,terminal-bench,0.8851295010965468,0.8851295010965468
arc-agi-2,replicationbench,0.8849557522123894,0.8849557522123894
bigcodebench,spreadsheetbench,0.8844741173021535,0.8844741173021535
bixbench,pixiu,0.8843080370964668,0.8843080370964668
deepsynth,kumo,0.8836468721164856,0.8836468721164856
bigcodebench,dacode,0.8823529411764706,0.8823529411764706
dacode,lawbench,0.8823529411764706,0.8823529411764706
hle,omnimath,0.8823529411764706,0.8823529411764706
aider-polyglot,skillsbench,0.8823529411764706,0.8823529411764706
pixiu,replicationbench,0.8821806327215054,0.8821806327215054
kumo,swebench-verified,0.8817963290481654,0.8817963290481654
humanevalfix,swebench-verified,0.8815384615384615,0.8815384615384615
bixbench,deepsynth,0.8813405604619149,0.8813405604619149
lawbench,scicode,0.8794117647058823,0.8794117647058823
hle,seal0,0.8785874343251009,0.8785874343251009
swebench-multilingual,swebench-verified,0.8774012525955495,0.8774012525955495
crustbench,terminal-bench,0.8771157635808378,0.8771157635808378
hle,terminal-bench,0.8735294117647059,0.8735294117647059
spider2,swebenchpro,0.8735294117647059,0.8735294117647059
featurebench-modal,swe-lancer,0.8733440988378175,0.8733440988378175
deepsynth,swebench-verified,0.8731601411493141,0.8731601411493141
seal0,simpleqa,0.8727007513480484,0.8727007513480484
arc-agi-2,compilebench,0.8722380397942117,0.8722380397942117
aime,deepsynth,0.8721476665747956,0.8721476665747956
featurebench-modal,gaia2,0.871776213127904,0.871776213127904
dacode,humanevalfix,0.8712722273306128,0.8712722273306128
aime,humanevalfix,0.8711659792756207,0.8711659792756207
aime,gpqa-diamond,0.8706694501907705,0.8706694501907705
replicationbench,terminal-bench,0.8703985875432548,0.8703985875432548
bixbench,seal0,0.8693682613218617,0.8693682613218617
featurebench-modal,skillsbench,0.8689258318959735,0.8689258318959735
pixiu,qcircuitbench,0.8676470588235294,0.8676470588235294
swebenchpro,terminal-bench,0.8676470588235294,0.8676470588235294
humanevalfix,swe-lancer,0.8666704373975286,0.8666704373975286
spreadsheetbench,swebench-verified,0.866422787765593,0.866422787765593
arc-agi-2,lawbench,0.865980320601411,0.865980320601411
financeagent_terminal,swebenchpro,0.8653423976267326,0.8653423976267326
arc-agi-2,hle,0.8645075649541296,0.8645075649541296
mmau,reasoning-gym,0.8623990561382063,0.8623990561382063
bixbench,gpqa-diamond,0.8620519623373275,0.8620519623373275
crustbench,humanevalfix,0.8619356918970966,0.8619356918970966
kumo,replicationbench,0.8619346072143608,0.8619346072143608
hle,pixiu,0.861764705882353,0.861764705882353
lawbench,qcircuitbench,0.861764705882353,0.861764705882353
qcircuitbench,scicode,0.861764705882353,0.861764705882353
lawbench,terminal-bench,0.861764705882353,0.861764705882353
pixiu,terminal-bench,0.861764705882353,0.861764705882353
kumo,pixiu,0.8614074374155674,0.8614074374155674
compilebench,skillsbench,0.8605682240200516,0.8605682240200516
gso,spider2,0.8600892980122857,0.8600892980122857
arc-agi-2,dacode,0.8600892980122857,0.8600892980122857
compilebench,replicationbench,0.859607676355965,0.859607676355965
aider-polyglot,dacode,0.8588235294117647,0.8588235294117647
gso,skillsbench,0.8586165423650044,0.8586165423650044
bixbench,terminal-bench,0.8576007473854996,0.8576007473854996
lawbench,medagentbench,0.8558823529411764,0.8558823529411764
lawbench,swe-lancer,0.8558823529411764,0.8558823529411764
pixiu,skillsbench,0.8558823529411764,0.8558823529411764
replicationbench,seal0,0.8555639758592531,0.8555639758592531
pixiu,swebench-verified,0.8554609490989902,0.8554609490989902
deepsynth,financeagent_terminal,0.8550407024168906,0.8550407024168906
featurebench-modal,swebench-verified,0.853767548821932,0.853767548821932
arc-agi-2,featurebench-modal,0.8532448377581121,0.8532448377581121
deepsynth,skillsbench,0.8529411764705882,0.8529411764705882
aider-polyglot,swebench-multilingual,0.8527255197758791,0.8527255197758791
lawbench,swtbench,0.8527255197758791,0.8527255197758791
bixbench,kumo,0.8526554367007808,0.8526554367007808
spreadsheetbench,swebenchpro,0.8520973609283642,0.8520973609283642
gaia2,swebenchpro,0.8520973609283642,0.8520973609283642
featurebench-modal,kumo,0.8515409082470903,0.8515409082470903
bixbench,livecodebench,0.8501820557991199,0.8501820557991199
medagentbench,scicode,0.85,0.85
deepsynth,spider2,0.85,0.85
deepsynth,lawbench,0.85,0.85
financeagent_terminal,humanevalfix,0.8496552189938433,0.8496552189938433
spider2,swebench-verified,0.8495612184155489,0.8495612184155489
deepsynth,spreadsheetbench,0.8476823486955748,0.8476823486955748
financeagent_terminal,gso,0.8474578572249277,0.8474578572249277
bixbench,widesearch,0.847214579164568,0.847214579164568
swtbench,widesearch,0.8468344971867539,0.8468344971867539
aime,featurebench-modal,0.846785962127334,0.846785962127334
aider-polyglot,crustbench,0.8462106779513117,0.8462106779513117
aider-polyglot,qcircuitbench,0.8441176470588235,0.8441176470588235
livecodebench,swe-lancer,0.8441176470588235,0.8441176470588235
gpqa-diamond,terminal-bench,0.8441176470588235,0.8441176470588235
deepsynth,replicationbench,0.8438889858921913,0.8438889858921913
aa-lcr,gaia,0.8438880706921944,0.8438880706921944
aider-polyglot,compilebench,0.8427633642127401,0.8427633642127401
aider-polyglot,featurebench-modal,0.84241623024491,0.84241623024491
gpqa-diamond,swe-lancer,0.8411764705882353,0.8411764705882353
livecodebench,pixiu,0.8411764705882353,0.8411764705882353
deepsynth,pixiu,0.8411764705882353,0.8411764705882353
qcircuitbench,terminal-bench,0.8411764705882353,0.8411764705882353
lawbench,swebench-verified,0.8407116223903869,0.8407116223903869
hle,replicationbench,0.8394707189503473,0.8394707189503473
bigcodebench,featurebench-modal,0.837997963303066,0.837997963303066
quixbugs,skillsbench,0.8377617570486662,0.8377617570486662
humanevalfix,swebenchpro,0.8375257678213285,0.8375257678213285
spreadsheetbench,terminal-bench,0.8373806534857328,0.8373806534857328
arc-agi-2,humanevalfix,0.8372239561803998,0.8372239561803998
hle,livecodebench,0.8352941176470589,0.8352941176470589
bigcodebench,terminal-bench,0.8352941176470589,0.8352941176470589
dacode,kumo,0.8347201157744654,0.8347201157744654
financeagent_terminal,spider2,0.8344373119972064,0.8344373119972064
arc-agi-2,widesearch,0.8335796963612221,0.8335796963612221
pixiu,swebench-multilingual,0.8335796963612221,0.8335796963612221
humanevalfix,lawbench,0.8329239778882442,0.8329239778882442
qcircuitbench,swebench-multilingual,0.8321069407139408,0.8321069407139408
swtbench,terminal-bench,0.8321069407139408,0.8321069407139408
bigcodebench,swebench-verified,0.8318620263652249,0.8318620263652249
spider2,swesmith,0.8314939705086801,0.8314939705086801
hle,humanevalfix,0.8298561179328549,0.8298561179328549
skillsbench,widesearch,0.8294117647058824,0.8294117647058824
skillsbench,swebenchpro,0.8294117647058824,0.8294117647058824
bigcodebench,swebenchpro,0.8294117647058824,0.8294117647058824
lawbench,widesearch,0.8294117647058824,0.8294117647058824
medagentbench,terminal-bench,0.8294117647058824,0.8294117647058824
bixbench,compilebench,0.8285928143712575,0.8285928143712575
gpqa-diamond,humanevalfix,0.8283221879551601,0.8283221879551601
financeagent_terminal,gaia2,0.8276877761413843,0.8276877761413843
aider-polyglot,seal0,0.8270789582758906,0.8270789582758906
deepsynth,omnimath,0.8264705882352941,0.8264705882352941
aider-polyglot,gpqa-diamond,0.8264705882352941,0.8264705882352941
gpqa-diamond,lawbench,0.8264705882352941,0.8264705882352941
spider2,terminal-bench,0.8264705882352941,0.8264705882352941
bigcodebench,gso,0.8262159181248155,0.8262159181248155
dacode,gso,0.8262159181248155,0.8262159181248155
dacode,swebench-multilingual,0.8262159181248155,0.8262159181248155
kumo,lawbench,0.8258243418940981,0.8258243418940981
deepsynth,seal0,0.8256072875316275,0.8256072875316275
aa-lcr,financeagent_terminal,0.8247422680412371,0.8247422680412371
crustbench,swe-lancer,0.8241356167873644,0.8241356167873644
aa-lcr,swebenchpro,0.8241356167873644,0.8241356167873644
crustbench,livecodebench,0.8241356167873644,0.8241356167873644
aider-polyglot,lawbench,0.8235294117647058,0.8235294117647058
deepsynth,swebenchpro,0.8235294117647058,0.8235294117647058
scicode,terminal-bench,0.8235294117647058,0.8235294117647058
aime,hle,0.823366525901968,0.823366525901968
aime,terminal-bench,0.823366525901968,0.823366525901968
humanevalfix,spreadsheetbench,0.8220241549615231,0.8220241549615231
hle,kumo,0.8213764549539144,0.8213764549539144
spreadsheetbench,swe-lancer,0.8211922752988381,0.8211922752988381
scicode,widesearch,0.8205882352941176,0.8205882352941176
hle,scicode,0.8205882352941176,0.8205882352941176
qcircuitbench,swe-lancer,0.8205882352941176,0.8205882352941176
swebenchpro,swtbench,0.8203248955356903,0.8203248955356903
financeagent_terminal,terminal-bench,0.819720604554575,0.819720604554575
humanevalfix,kumo,0.8196393534086827,0.8196393534086827
mmmlu,research-code-bench,0.8195266272189349,0.8195266272189349
humanevalfix,spider2,0.8191186080889916,0.8191186080889916
financeagent_terminal,spreadsheetbench,0.8181148748159057,0.8181148748159057
crustbench,swebench-verified,0.817714181298362,0.817714181298362
terminal-bench,widesearch,0.8176470588235294,0.8176470588235294
swe-lancer,swtbench,0.8173793842411277,0.8173793842411277
replicationbench,swebench-verified,0.8168398866756547,0.8168398866756547
bigcodebench,gaia2,0.8167772630660486,0.8167772630660486
compilebench,swe-lancer,0.8160560745017731,0.8160560745017731
arc-agi-2,swebench-multilingual,0.8156342182890856,0.8156342182890856
crustbench,skillsbench,0.8153055923217855,0.8153055923217855
deepsynth,widesearch,0.8147058823529412,0.8147058823529412
medagentbench,widesearch,0.8147058823529412,0.8147058823529412
gpqa-diamond,widesearch,0.8147058823529412,0.8147058823529412
deepsynth,gso,0.814433872946565,0.814433872946565
kumo,skillsbench,0.8139633100536083,0.8139633100536083
kumo,spider2,0.8139633100536083,0.8139633100536083
gaia2,swebench-verified,0.8132861261649774,0.8132861261649774
humanevalfix,replicationbench,0.8126449042558376,0.8126449042558376
hle,lawbench,0.8117647058823529,0.8117647058823529
dacode,swebenchpro,0.8117647058823529,0.8117647058823529
lawbench,spider2,0.8117647058823529,0.8117647058823529
hle,widesearch,0.8117647058823529,0.8117647058823529
arc-agi-2,qcircuitbench,0.8114883616520024,0.8114883616520024
bigcodebench,humanevalfix,0.8114489582005179,0.8114489582005179
skillsbench,swebench-verified,0.8112129689731803,0.8112129689731803
quixbugs,swtbench,0.8109314607322502,0.8109314607322502
gso,swebench-verified,0.8109314607322502,0.8109314607322502
kumo,simpleqa,0.8095154231134247,0.8095154231134247
lawbench,spreadsheetbench,0.8094189093447328,0.8094189093447328
mmau,scicode,0.8094189093447328,0.8094189093447328
compilebench,kumo,0.8092747215002147,0.8092747215002147
deepsynth,medagentbench,0.8088235294117647,0.8088235294117647
quixbugs,swebenchpro,0.8082631036314597,0.8082631036314597
gso,swebenchpro,0.8070700947101584,0.8070700947101584
crustbench,deepsynth,0.8064755678562066,0.8064755678562066
featurebench-modal,gso,0.806047197640118,0.806047197640118
aime,financeagent_terminal,0.805481304671838,0.805481304671838
arc-agi-2,spider2,0.8041245834155959,0.8041245834155959
featurebench-modal,widesearch,0.8041245834155959,0.8041245834155959
humanevalfix,skillsbench,0.8037793083120442,0.8037793083120442
compilebench,swtbench,0.8031425221614504,0.8031425221614504
deepsynth,qcircuitbench,0.8029411764705883,0.8029411764705883
swebenchpro,widesearch,0.8029411764705883,0.8029411764705883
dacode,skillsbench,0.8029411764705883,0.8029411764705883
lawbench,pixiu,0.8029411764705883,0.8029411764705883
swe-lancer,swebench-multilingual,0.8026518277683146,0.8026518277683146
kumo,medagentbench,0.8021022782131186,0.8021022782131186
algotune,bigcodebench,0.8020605556234172,0.8020605556234172
arc-agi-2,gpqa-diamond,0.8011790721210332,0.8011790721210332
spreadsheetbench,swesmith,0.801178203240059,0.801178203240059
deepsynth,gaia2,0.8005888848791539,0.8005888848791539
financeagent_terminal,gpqa-diamond,0.8005888848791539,0.8005888848791539
aime,swesmith,0.8003037388934148,0.8003037388934148
arc-agi-2,spreadsheetbench,0.8002949851706709,0.8002949851706709
deepsynth,scicode,0.8,0.8
bigcodebench,spider2,0.8,0.8
qcircuitbench,sldbench,0.8,0.8
deepsynth,swtbench,0.7997063164737519,0.7997063164737519
skillsbench,spreadsheetbench,0.7991172141348908,0.7991172141348908
kumo,swebench-multilingual,0.7980875992725562,0.7980875992725562
gpqa-diamond,qcircuitbench,0.7970588235294118,0.7970588235294118
gpqa-diamond,medagentbench,0.7970588235294118,0.7970588235294118
hle,skillsbench,0.7970588235294118,0.7970588235294118
algotune,financeagent_terminal,0.7967599410898379,0.7967599410898379
featurebench-modal,medagentbench,0.795288049531908,0.795288049531908
gso,terminal-bench,0.795288049531908,0.795288049531908
featurebench-modal,replicationbench,0.7949852507374632,0.7949852507374632
livecodebench,skillsbench,0.7941176470588235,0.7941176470588235
scicode,swe-lancer,0.7941176470588235,0.7941176470588235
crustbench,kumo,0.7937903884783114,0.7937903884783114
crustbench,featurebench-modal,0.7929257864121932,0.7929257864121932
crustbench,pixiu,0.791758860413575,0.791758860413575
arc-agi-2,crustbench,0.7914519466604978,0.7914519466604978
featurebench-modal,financeagent_terminal,0.7914519466604978,0.7914519466604978
arc-agi-2,gso,0.7912979351032449,0.7912979351032449
hle,qcircuitbench,0.7911764705882353,0.7911764705882353
spider2,swe-lancer,0.7911764705882353,0.7911764705882353
swe-lancer,widesearch,0.7911764705882353,0.7911764705882353
aider-polyglot,swtbench,0.790869782590064,0.790869782590064
aa-lcr,terminal-bench,0.7902871896693119,0.7902871896693119
arc-agi-2,medagentbench,0.7893970269427828,0.7893970269427828
dacode,swtbench,0.7893970269427828,0.7893970269427828
bigcodebench,financeagent_terminal,0.7888155189250488,0.7888155189250488
reasoning-gym,scicode,0.788235294117647,0.788235294117647
compilebench,livecodebench,0.78786504647353,0.78786504647353
humanevalfix,swesmith,0.787485324921123,0.787485324921123
humanevalfix,mmau,0.7867177953646697,0.7867177953646697
swebench-multilingual,terminal-bench,0.7864515156482201,0.7864515156482201
seal0,terminal-bench,0.7858721774365225,0.7858721774365225
medagentbench,omnimath,0.7852941176470588,0.7852941176470588
dacode,qcircuitbench,0.7852941176470588,0.7852941176470588
qcircuitbench,swtbench,0.7849787600009388,0.7849787600009388
aime,medagentbench,0.784932899917316,0.784932899917316
compilebench,qcircuitbench,0.7848975698389781,0.7848975698389781
qcircuitbench,swebench-verified,0.7846641808976944,0.7846641808976944
arc-agi-2,swtbench,0.7846607669616519,0.7846607669616519
hle,swtbench,0.7835060043536575,0.7835060043536575
mmau,swtbench,0.7833458280261724,0.7833458280261724
quixbugs,widesearch,0.7831892482268341,0.7831892482268341
aa-lcr,bixbench,0.7825056767149805,0.7825056767149805
dacode,pixiu,0.7823529411764706,0.7823529411764706
livecodebench,terminal-bench,0.7823529411764706,0.7823529411764706
pixiu,scicode,0.7823529411764706,0.7823529411764706
bixbench,omnimath,0.7819300932044262,0.7819300932044262
compilebench,quixbugs,0.7812638405392729,0.7812638405392729
humanevalfix,qcircuitbench,0.7807703586466231,0.7807703586466231
aime,swe-lancer,0.7804982507652408,0.7804982507652408
compilebench,widesearch,0.7804463548871502,0.7804463548871502
humanevalfix,swtbench,0.7796168032322072,0.7796168032322072
arc-agi-2,scicode,0.7790877374118136,0.7790877374118136
gaia2,swesmith,0.7790868924889544,0.7790868924889544
aime,swebenchpro,0.7790200343812157,0.7790200343812157
aider-polyglot,spreadsheetbench,0.7785138237152067,0.7785138237152067
aider-polyglot,scicode,0.7764705882352941,0.7764705882352941
skillsbench,swtbench,0.7761422261172509,0.7761422261172509
compilebench,swebench-multilingual,0.7756529076193841,0.7756529076193841
spider2,swtbench,0.7746694704699696,0.7746694704699696
compilebench,terminal-bench,0.7745114016180464,0.7745114016180464
kumo,spreadsheetbench,0.7745020238984646,0.7745020238984646
bixbench,humanevalfix,0.7738232325341369,0.7738232325341369
gpqa-diamond,pixiu,0.7735294117647059,0.7735294117647059
featurebench-modal,lawbench,0.7731967148226884,0.7731967148226884
aime,spider2,0.7731071688451154,0.7731071688451154
humanevalfix,scicode,0.7731007087581494,0.7731007087581494
gaia2,terminal-bench,0.7726271407381541,0.7726271407381541
financeagent_terminal,hle,0.7726271407381541,0.7726271407381541
kumo,widesearch,0.7724496986118943,0.7724496986118943
gaia2,lawbench,0.771155469993891,0.771155469993891
deepsynth,swesmith,0.771155469993891,0.771155469993891
dacode,financeagent_terminal,0.771155469993891,0.771155469993891
aa-lcr,deepsynth,0.771155469993891,0.771155469993891
aa-lcr,seal0,0.7702503681885126,0.7702503681885126
quixbugs,spreadsheetbench,0.7697435840200285,0.7697435840200285
spreadsheetbench,swebench-multilingual,0.7693443503850649,0.7693443503850649
featurebench-modal,swtbench,0.7691740412979351,0.7691740412979351
arc-agi-2,swebenchpro,0.7687784478808444,0.7687784478808444
aider-polyglot,aime,0.7686725196930402,0.7686725196930402
spreadsheetbench,swtbench,0.7686074305092171,0.7686074305092171
kumo,seal0,0.7685671424892809,0.7685671424892809
gpqa-diamond,seal0,0.7682121285053647,0.7682121285053647
omnimath,seal0,0.7667404577611014,0.7667404577611014
humanevalfix,seal0,0.7659944973404297,0.7659944973404297
featurebench-modal,hle,0.7658329365862818,0.7658329365862818
seal0,skillsbench,0.7652687870168383,0.7652687870168383
deepsynth,gaia,0.7652687870168383,0.7652687870168383
seal0,swe-lancer,0.7652687870168383,0.7652687870168383
gso,quixbugs,0.7651411596708664,0.7651411596708664
featurebench-modal,swesmith,0.7649228311299783,0.7649228311299783
skillsbench,spider2,0.7647058823529411,0.7647058823529411
arc-agi-2,livecodebench,0.7643601809390005,0.7643601809390005
dacode,swesmith,0.7637971162725752,0.7637971162725752
bixbench,swebench-verified,0.7634063813269466,0.7634063813269466
humanevalfix,pixiu,0.7623631989142862,0.7623631989142862
cybergym,kumo,0.761799676305108,0.761799676305108
bigcodebench,deepsynth,0.7617647058823529,0.7617647058823529
deepsynth,livecodebench,0.7617647058823529,0.7617647058823529
omnimath,scicode,0.7617647058823529,0.7617647058823529
qcircuitbench,reasoning-gym,0.7617647058823529,0.7617647058823529
bixbench,gso,0.7615366190707555,0.7615366190707555
replicationbench,widesearch,0.7614146696444378,0.7614146696444378
gaia2,humanevalfix,0.7613893200017097,0.7613893200017097
gaia,simpleqa,0.7608537747840489,0.7608537747840489
financeagent_terminal,widesearch,0.7608537747840489,0.7608537747840489
bixbench,quixbugs,0.7604301381248922,0.7604301381248922
crustbench,seal0,0.759941089837997,0.759941089837997
crustbench,dacode,0.7593821040397858,0.7593821040397858
medagentbench,swebenchpro,0.7588235294117647,0.7588235294117647
bigcodebench,skillsbench,0.7588235294117647,0.7588235294117647
spider2,widesearch,0.7588235294117647,0.7588235294117647
omnimath,terminal-bench,0.7588235294117647,0.7588235294117647
pixiu,swtbench,0.7584691583498752,0.7584691583498752
quixbugs,swe-lancer,0.7581153928222085,0.7581153928222085
gaia,omnimath,0.7579104332955225,0.7579104332955225
humanevalfix,medagentbench,0.7577614089812019,0.7577614089812019
bixbench,featurebench-modal,0.7570788437396097,0.7570788437396097
arc-agi-2,quixbugs,0.7570170739986853,0.7570170739986853
bixbench,crustbench,0.7565211428582213,0.7565211428582213
gaia,widesearch,0.7564387625512594,0.7564387625512594
kumo,swebenchpro,0.7561407798312209,0.7561407798312209
arc-agi-2,gaia2,0.7560797926198051,0.7560797926198051
gso,humanevalfix,0.7558058466802875,0.7558058466802875
gso,swe-lancer,0.7555236470553126,0.7555236470553126
aider-polyglot,quixbugs,0.7551655274804878,0.7551655274804878
crustbench,qcircuitbench,0.7549670918069963,0.7549670918069963
humanevalfix,omnimath,0.7546935490258125,0.7546935490258125
aa-lcr,humanevalfix,0.7544815539936296,0.7544815539936296
aa-lcr,hle,0.7534954210627332,0.7534954210627332
kumo,livecodebench,0.7531755218710985,0.7531755218710985
dacode,hle,0.7529411764705882,0.7529411764705882
swe-lancer,swebenchpro,0.7529411764705882,0.7529411764705882
livecodebench,usaco,0.7529411764705882,0.7529411764705882
lawbench,swebench-multilingual,0.7525781357607499,0.7525781357607499
gaia2,kumo,0.752246218614026,0.752246218614026
hle,swebench-verified,0.7522156621387672,0.7522156621387672
spreadsheetbench,widesearch,0.7505520795742069,0.7505520795742069
kumo,qcircuitbench,0.750210263910976,0.750210263910976
dacode,medagentbench,0.75,0.75
algotune,spreadsheetbench,0.7496318114874816,0.7496318114874816
bixbench,lawbench,0.7492878502243553,0.7492878502243553
bixbench,qcircuitbench,0.7492878502243553,0.7492878502243553
lawbench,mmau,0.7490804088299436,0.7490804088299436
replicationbench,simpleqa,0.7481598688189061,0.7481598688189061
featurebench-modal,gpqa-diamond,0.7481598688189061,0.7481598688189061
aider-polyglot,gso,0.7481598688189061,0.7481598688189061
bixbench,simpleqa,0.7478041119070793,0.7478041119070793
quixbugs,terminal-bench,0.7477908641261862,0.7477908641261862
gaia2,skillsbench,0.7476087380856805,0.7476087380856805
gaia,gpqa-diamond,0.7476087380856805,0.7476087380856805
kumo,swtbench,0.7476039185743852,0.7476039185743852
gpqa-diamond,kumo,0.7472450059508535,0.7472450059508535
hle,medagentbench,0.7470588235294118,0.7470588235294118
gaia,seal0,0.7466863033873343,0.7466863033873343
aime,kumo,0.7466501125031743,0.7466501125031743
bixbench,scicode,0.7463203735898033,0.7463203735898033
aime,spreadsheetbench,0.7463091243470014,0.7463091243470014
arc-agi-2,seal0,0.7450259944820887,0.7450259944820887
gaia,hle,0.7446653965971542,0.7446653965971542
aider-polyglot,spider2,0.7441176470588236,0.7441176470588236
aider-polyglot,omnimath,0.7441176470588236,0.7441176470588236
dacode,replicationbench,0.7437416018770621,0.7437416018770621
financeagent_terminal,skillsbench,0.7431937258528911,0.7431937258528911
financeagent_terminal,lawbench,0.7431937258528911,0.7431937258528911
mmau,terminal-bench,0.7431937258528911,0.7431937258528911
aime,arc-agi-2,0.7431583094194435,0.7431583094194435
compilebench,crustbench,0.7416728377972159,0.7416728377972159
medagentbench,swe-lancer,0.7411764705882353,0.7411764705882353
bigcodebench,swe-lancer,0.7411764705882353,0.7411764705882353
aider-polyglot,bigcodebench,0.7411764705882353,0.7411764705882353
aider-polyglot,widesearch,0.7411764705882353,0.7411764705882353
medagentbench,swtbench,0.7407960905824995,0.7407960905824995
financeagent_terminal,gaia,0.7407952871870398,0.7407952871870398
aime,dacode,0.7405864083965636,0.7405864083965636
swebench-verified,swebenchpro,0.7404162007718846,0.7404162007718846
gaia2,swe-lancer,0.7402503843643647,0.7402503843643647
algotune,dacode,0.7402503843643647,0.7402503843643647
humanevalfix,livecodebench,0.7393542492488651,0.7393542492488651
deepsynth,swebench-multilingual,0.7393233349352182,0.7393233349352182
financeagent_terminal,swtbench,0.7391306354753066,0.7391306354753066
pixiu,quixbugs,0.7389412681010242,0.7389412681010242
pixiu,seal0,0.7387787136201016,0.7387787136201016
dacode,widesearch,0.7382352941176471,0.7382352941176471
pixiu,widesearch,0.7382352941176471,0.7382352941176471
aime,lawbench,0.7376299756285135,0.7376299756285135
compilebench,hle,0.7374179436861477,0.7374179436861477
gaia2,widesearch,0.7373070428758385,0.7373070428758385
bixbench,swtbench,0.7370188547494532,0.7370188547494532
swebench-multilingual,swtbench,0.7367256637168141,0.7367256637168141
bixbench,dacode,0.7359342053688717,0.7359342053688717
algotune,gaia2,0.7356406480117821,0.7356406480117821
lawbench,reasoning-gym,0.7352941176470589,0.7352941176470589
bigcodebench,swebench-multilingual,0.7349050679933742,0.7349050679933742
gaia,medagentbench,0.7343637013873122,0.7343637013873122
featurebench-modal,quixbugs,0.7333833702250678,0.7333833702250678
humanevalfix,reasoning-gym,0.7332185293380862,0.7332185293380862
replicationbench,swtbench,0.7330383480825958,0.7330383480825958
gaia,swebenchpro,0.732892030643049,0.732892030643049
bigcodebench,mmau,0.732892030643049,0.732892030643049
deepsynth,simpleqa,0.7323529411764705,0.7323529411764705
medagentbench,qcircuitbench,0.7323529411764705,0.7323529411764705
dacode,gpqa-diamond,0.7323529411764705,0.7323529411764705
lawbench,swebenchpro,0.7323529411764705,0.7323529411764705
arc-agi-2,cybergym,0.732172041877971,0.732172041877971
compilebench,swebench-verified,0.7321558277053757,0.7321558277053757
aa-lcr,widesearch,0.7314203598987858,0.7314203598987858
swebench-verified,swesmith,0.7306290970084642,0.7306290970084642
scicode,swtbench,0.7304868010515303,0.7304868010515303
medagentbench,reasoning-gym,0.7294117647058823,0.7294117647058823
aider-polyglot,swebenchpro,0.7294117647058823,0.7294117647058823
hle,quixbugs,0.7286167394050019,0.7286167394050019
aa-lcr,aime,0.7285574702495504,0.7285574702495504
aa-lcr,skillsbench,0.7284770184102596,0.7284770184102596
humanevalfix,widesearch,0.7270828094273072,0.7270828094273072
cybergym,simpleqa,0.7266366319643951,0.7266366319643951
omnimath,swe-lancer,0.7264705882352941,0.7264705882352941
deepsynth,quixbugs,0.7256668740632813,0.7256668740632813
swebench-verified,swtbench,0.7252592845528868,0.7252592845528868
arc-agi-2,omnimath,0.7245957784624051,0.7245957784624051
featurebench-modal,pixiu,0.7245957784624051,0.7245957784624051
aa-lcr,omnimath,0.7240620061774701,0.7240620061774701
gpqa-diamond,livecodebench,0.7235294117647059,0.7235294117647059
hle,simpleqa,0.7235294117647059,0.7235294117647059
strongreject,swebench-multilingual,-0.7231230228151238,0.7231230228151238
gpqa-diamond,replicationbench,0.7231230228151238,0.7231230228151238
gaia2,swtbench,0.7229183982066558,0.7229183982066558
omnimath,swesmith,0.7225903354332069,0.7225903354332069
gso,kumo,0.7223620782252997,0.7223620782252997
aime,gaia,0.7219005999630063,0.7219005999630063
quixbugs,strongreject,-0.7212420760507003,0.7212420760507003
labbench,simpleqa,0.7205882352941176,0.7205882352941176
livecodebench,simpleqa,0.7205882352941176,0.7205882352941176
omnimath,simpleqa,0.7205882352941176,0.7205882352941176
kumo,omnimath,0.7205576843097516,0.7205576843097516
compilebench,seal0,0.7186579649526577,0.7186579649526577
lawbench,swesmith,0.7181753232004175,0.7181753232004175
aider-polyglot,medagentbench,0.7176470588235294,0.7176470588235294
dacode,scicode,0.7176470588235294,0.7176470588235294
gpqa-diamond,skillsbench,0.7176470588235294,0.7176470588235294
omnimath,widesearch,0.7176470588235294,0.7176470588235294
mmau,qcircuitbench,0.7167036524561544,0.7167036524561544
compilebench,deepsynth,0.7166456072442843,0.7166456072442843
swesmith,terminal-bench,0.7152319817118912,0.7152319817118912
aa-lcr,replicationbench,0.7148122795723304,0.7148122795723304
bigcodebench,lawbench,0.7147058823529412,0.7147058823529412
financeagent_terminal,swe-lancer,0.713760310967628,0.713760310967628
crustbench,hle,0.713760310967628,0.713760310967628
bixbench,gaia,0.7134610581813058,0.7134610581813058
bixbench,financeagent_terminal,0.7119762276752053,0.7119762276752053
quixbugs,swebench-multilingual,0.711965326180227,0.711965326180227
aa-lcr,featurebench-modal,0.7118646000689394,0.7118646000689394
arc-agi-2,bigcodebench,0.7113409776368732,0.7113409776368732
financeagent_terminal,mmau,0.711340206185567,0.711340206185567
aime,scicode,0.7110220807160621,0.7110220807160621
financeagent_terminal,swesmith,0.7098674521354934,0.7098674521354934
bigcodebench,quixbugs,0.7094426146838178,0.7094426146838178
kumo,swesmith,0.7092183283974446,0.7092183283974446
aime,bixbench,0.7091771890742733,0.7091771890742733
lawbench,omnimath,0.7088235294117647,0.7088235294117647
medagentbench,spider2,0.7088235294117647,0.7088235294117647
humanevalfix,swebench-multilingual,0.7081839335764483,0.7081839335764483
featurebench-modal,gaia,0.7081800006897006,0.7081800006897006
algotune,deepsynth,0.7078736279905755,0.7078736279905755
compilebench,lawbench,0.7077431773406286,0.7077431773406286
algotune,featurebench-modal,0.7074430808138528,0.7074430808138528
cybergym,pixiu,0.707319093691313,0.707319093691313
bigcodebench,swtbench,0.7069227106950293,0.7069227106950293
qcircuitbench,widesearch,0.7058823529411765,0.7058823529411765
livecodebench,qcircuitbench,0.7058823529411765,0.7058823529411765
hle,spreadsheetbench,0.7049302865020491,0.7049302865020491
aa-lcr,gpqa-diamond,0.7049302865020491,0.7049302865020491
gpqa-diamond,swtbench,0.7039771994004667,0.7039771994004667
gso,widesearch,0.7039771994004667,0.7039771994004667
crustbench,scicode,0.703458615757786,0.703458615757786
aime,gaia2,0.701929989103374,0.701929989103374
aime,seal0,0.7011903368493135,0.7011903368493135
financeagent_terminal,swebench-verified,0.7011087294525667,0.7011087294525667
spider2,swebench-multilingual,0.7010316881059041,0.7010316881059041
gso,pixiu,0.7010316881059041,0.7010316881059041
aa-lcr,spider2,0.7005152742692597,0.7005152742692597
hle,spider2,0.7,0.7
aime,swebench-verified,0.6997793434616966,0.6997793434616966
bixbench,spreadsheetbench,0.6993551683733508,0.6993551683733508
aime,widesearch,0.6991963496438616,0.6991963496438616
arc-agi-2,financeagent_terminal,0.6986000423036796,0.6986000423036796
gaia,terminal-bench,0.6975719327807334,0.6975719327807334
bigcodebench,qcircuitbench,0.6970588235294117,0.6970588235294117
sldbench,swebench-multilingual,0.6966134211640601,0.6966134211640601
featurebench-modal,omnimath,0.6966134211640601,0.6966134211640601
qcircuitbench,replicationbench,0.6966134211640601,0.6966134211640601
labbench,mmmlu,0.6961682206460748,0.6961682206460748
aider-polyglot,financeagent_terminal,0.6961002620364702,0.6961002620364702
lawbench,replicationbench,0.6951406655167789,0.6951406655167789
aa-lcr,arc-agi-2,0.6949154429244407,0.6949154429244407
aa-lcr,gso,0.6949154429244407,0.6949154429244407
algotune,spider2,0.6946285912922071,0.6946285912922071
bixbench,swebenchpro,0.694389532485145,0.694389532485145
labbench,replicationbench,0.6936679098694976,0.6936679098694976
gpqa-diamond,spreadsheetbench,0.693156920547944,0.693156920547944
featurebench-modal,seal0,0.6927046832968975,0.6927046832968975
gso,swebench-multilingual,0.6924778761061947,0.6924778761061947
featurebench-modal,swebench-multilingual,0.6924778761061947,0.6924778761061947
quixbugs,spider2,0.6917434226334938,0.6917434226334938
quixbugs,sldbench,0.6917434226334938,0.6917434226334938
qcircuitbench,skillsbench,0.6911764705882353,0.6911764705882353
gso,replicationbench,0.6910029498525073,0.6910029498525073
gaia2,quixbugs,0.6907766008080026,0.6907766008080026
skillsbench,swebench-multilingual,0.6907223985749349,0.6907223985749349
gso,hle,0.6907223985749349,0.6907223985749349
qcircuitbench,quixbugs,0.6902684899626335,0.6902684899626335
replicationbench,scicode,0.6892496429276536,0.6892496429276536
medagentbench,swesmith,0.6887419083151545,0.6887419083151545
bixbench,spider2,0.6884545792160413,0.6884545792160413
gpqa-diamond,reasoning-gym,0.6882352941176471,0.6882352941176471
hle,swebenchpro,0.6882352941176471,0.6882352941176471
hle,strongreject,-0.6882352941176471,0.6882352941176471
lawbench,skillsbench,0.6882352941176471,0.6882352941176471
gpqa-diamond,swebench-verified,0.6873186246209128,0.6873186246209128
financeagent_terminal,omnimath,0.6872702375708913,0.6872702375708913
bixbench,cybergym,0.6859078173524215,0.6859078173524215
crustbench,swebenchpro,0.6857985668266282,0.6857985668266282
crustbench,simpleqa,0.6857985668266282,0.6857985668266282
reasoning-gym,terminal-bench,0.6852941176470588,0.6852941176470588
kumo,scicode,0.6849745887882824,0.6849745887882824
featurebench-modal,scicode,0.6848313759858097,0.6848313759858097
algotune,mmau,0.6848306332842415,0.6848306332842415
pixiu,spreadsheetbench,0.6843268960823651,0.6843268960823651
aa-lcr,aider-polyglot,0.6843268960823651,0.6843268960823651
dacode,quixbugs,0.6828938266083318,0.6828938266083318
kumo,quixbugs,0.6825371248450387,0.6825371248450387
aa-lcr,kumo,0.6825113620561182,0.6825113620561182
gpqa-diamond,swebenchpro,0.6823529411764706,0.6823529411764706
livecodebench,omnimath,0.6823529411764706,0.6823529411764706
medagentbench,sldbench,0.6823529411764706,0.6823529411764706
qcircuitbench,strongreject,-0.6823529411764706,0.6823529411764706
medagentbench,swebench-verified,0.6814188939374715,0.6814188939374715
gaia,ineqmath,0.6806792064544085,0.6806792064544085
hle,swebench-multilingual,0.6804131090439657,0.6804131090439657
arc-agi-2,simpleqa,0.6804131090439657,0.6804131090439657
qcircuitbench,spreadsheetbench,0.6799118838495756,0.6799118838495756
bixbench,swebench-multilingual,0.6790677754445567,0.6790677754445567
financeagent_terminal,quixbugs,0.6789684537856435,0.6789684537856435
replicationbench,swebenchpro,0.6789403533966845,0.6789403533966845
featurebench-modal,simpleqa,0.6789403533966845,0.6789403533966845
reasoning-gym,swtbench,0.6789403533966845,0.6789403533966845
livecodebench,swebench-verified,0.6784690285957509,0.6784690285957509
medagentbench,spreadsheetbench,0.6784402131053124,0.6784402131053124
aa-lcr,simpleqa,0.6784402131053124,0.6784402131053124
aider-polyglot,gaia2,0.6784402131053124,0.6784402131053124
compilebench,featurebench-modal,0.6775818503341746,0.6775818503341746
aa-lcr,swtbench,0.6772293659040944,0.6772293659040944
compilebench,sldbench,0.6765846726778336,0.6765846726778336
replicationbench,swebench-multilingual,0.6762536873156342,0.6762536873156342
gpqa-diamond,quixbugs,0.6755191632540302,0.6755191632540302
algotune,swebenchpro,0.6754968716167862,0.6754968716167862
aa-lcr,medagentbench,0.6754968716167862,0.6754968716167862
cybergym,labbench,0.674627875075328,0.674627875075328
featurebench-modal,livecodebench,0.6745220864548405,0.6745220864548405
compilebench,humanevalfix,0.6740000355372332,0.6740000355372332
algotune,gso,0.6735447665248556,0.6735447665248556
aider-polyglot,strongreject,-0.6735294117647059,0.6735294117647059
aime,simpleqa,0.6725884547314102,0.6725884547314102
scicode,swebench-verified,0.6725692979123095,0.6725692979123095
gpqa-diamond,swesmith,0.6725535301282598,0.6725535301282598
aider-polyglot,cybergym,0.6716559461102384,0.6716559461102384
compilebench,gso,0.6716381498926468,0.6716381498926468
hle,swesmith,0.6710818593839967,0.6710818593839967
gpqa-diamond,mmau,0.6710818593839967,0.6710818593839967
aider-polyglot,simpleqa,0.6705882352941176,0.6705882352941176
aime,skillsbench,0.66963202196336,0.66963202196336
mmau,swebenchpro,0.6696101886397335,0.6696101886397335
crustbench,gpqa-diamond,0.6696101886397335,0.6696101886397335
bigcodebench,crustbench,0.6696101886397335,0.6696101886397335
financeagent_terminal,scicode,0.6696101886397335,0.6696101886397335
gaia2,swebench-multilingual,0.669123247269769,0.669123247269769
livecodebench,swtbench,0.6686310638657152,0.6686310638657152
labbench,seal0,0.6681385178954704,0.6681385178954704
bixbench,medagentbench,0.667682242774178,0.667682242774178
pixiu,strongreject,-0.6676470588235294,0.6676470588235294
codepde,mmau,0.6672046849847741,0.6672046849847741
gso,strongreject,-0.6671583082184339,0.6671583082184339
crustbench,lawbench,0.6666668471512073,0.6666668471512073
compilebench,dacode,0.666198504456902,0.666198504456902
replicationbench,spider2,0.6656855525711526,0.6656855525711526
dacode,mmau,0.6651951764069441,0.6651951764069441
gpqa-diamond,spider2,0.6647058823529411,0.6647058823529411
simpleqa,terminal-bench,0.6647058823529411,0.6647058823529411
crustbench,swtbench,0.6647017280146825,0.6647017280146825
gso,lawbench,0.6642127969238713,0.6642127969238713
featurebench-modal,qcircuitbench,0.66274004127659,0.66274004127659
kumo,sldbench,0.6627351540873642,0.6627351540873642
aider-polyglot,swesmith,0.6622518349184178,0.6622518349184178
strongreject,swe-lancer,-0.6617647058823529,0.6617647058823529
seal0,swtbench,0.6610171286354437,0.6610171286354437
compilebench,scicode,0.6602635511877982,0.6602635511877982
livecodebench,swebench-multilingual,0.6597945299820274,0.6597945299820274
swebench-multilingual,swesmith,0.6595432888837481,0.6595432888837481
labbench,livecodebench,0.6588235294117647,0.6588235294117647
medagentbench,pixiu,0.6588235294117647,0.6588235294117647
cybergym,sldbench,0.6582822657673354,0.6582822657673354
algotune,terminal-bench,0.6578368226856284,0.6578368226856284
financeagent_terminal,medagentbench,0.6578368226856284,0.6578368226856284
sldbench,swtbench,0.6568490186874647,0.6568490186874647
deepsynth,mmau,0.6563651519413652,0.6563651519413652
scicode,skillsbench,0.6558823529411765,0.6558823529411765
algotune,humanevalfix,0.6554702412111492,0.6554702412111492
gpqa-diamond,gso,0.6553762630401835,0.6553762630401835
crustbench,mmau,0.6553755522827688,0.6553755522827688
medagentbench,mmau,0.654893481197102,0.654893481197102
gso,swtbench,0.6548672566371682,0.6548672566371682
humanevalfix,quixbugs,0.6546153846153846,0.6546153846153846
replicationbench,spreadsheetbench,0.6536479298769661,0.6536479298769661
crustbench,swebench-multilingual,0.6536479298769661,0.6536479298769661
mmau,swe-lancer,0.6534218104528389,0.6534218104528389
lawbench,quixbugs,0.6533951731911253,0.6533951731911253
bigcodebench,pixiu,0.6529411764705882,0.6529411764705882
livecodebench,scicode,0.6529411764705882,0.6529411764705882
cybergym,seal0,0.6528185981177395,0.6528185981177395
livecodebench,quixbugs,0.6519202405202649,0.6519202405202649
arc-agi-2,swesmith,0.6507002503735749,0.6507002503735749
seal0,widesearch,0.6504784689643126,0.6504784689643126
quixbugs,seal0,0.6501860954186435,0.6501860954186435
gpqa-diamond,simpleqa,0.65,0.65
gaia,humanevalfix,0.6493300047595225,0.6493300047595225
mmau,widesearch,0.6490067982200495,0.6490067982200495
aider-polyglot,mmau,0.6490067982200495,0.6490067982200495
swebench-verified,widesearch,0.6489703751785443,0.6489703751785443
humanevalfix,simpleqa,0.6488523805648754,0.6488523805648754
gaia2,medagentbench,0.6475351274757863,0.6475351274757863
bixbench,gaia2,0.6466436854067819,0.6466436854067819
crustbench,medagentbench,0.6460634567315231,0.6460634567315231
swebenchpro,swesmith,0.6460634567315231,0.6460634567315231
gso,swesmith,0.6455418112426407,0.6455418112426407
aime,replicationbench,0.6454522368662896,0.6454522368662896
algotune,lawbench,0.64459178598726,0.64459178598726
sldbench,terminal-bench,0.6441176470588236,0.6441176470588236
deepsynth,strongreject,-0.6441176470588236,0.6441176470588236
simpleqa,swe-lancer,0.6441176470588236,0.6441176470588236
compilebench,cybergym,0.6439287596783935,0.6439287596783935
aime,bigcodebench,0.6430241270509086,0.6430241270509086
aa-lcr,quixbugs,0.6420679943407717,0.6420679943407717
aa-lcr,gaia2,0.6406480117820325,0.6406480117820325
qcircuitbench,seal0,0.6401767737544706,0.6401767737544706
gaia,spider2,0.6401767737544706,0.6401767737544706
cybergym,replicationbench,0.6399064593648934,0.6399064593648934
aa-lcr,swe-lancer,0.6387051030102073,0.6387051030102073
featurebench-modal,mmau,0.638172612484163,0.638172612484163
algotune,gpqa-diamond,0.6357617615216811,0.6357617615216811
spreadsheetbench,strongreject,-0.6357617615216811,0.6357617615216811
crustbench,widesearch,0.6357617615216811,0.6357617615216811
sldbench,widesearch,0.6352941176470588,0.6352941176470588
reasoning-gym,usaco,0.6352941176470588,0.6352941176470588
seal0,swebench-verified,0.6346879024517973,0.6346879024517973
quixbugs,replicationbench,0.6344172356730446,0.6344172356730446
bigcodebench,swesmith,0.6342900907774179,0.6342900907774179
simpleqa,swesmith,0.6342900907774179,0.6342900907774179
algotune,scicode,0.6342900907774179,0.6342900907774179
aime,gso,0.6336090765568164,0.6336090765568164
financeagent_terminal,seal0,0.6332842415316642,0.6332842415316642
swe-lancer,swesmith,0.6328184200331548,0.6328184200331548
seal0,usaco,0.6328184200331548,0.6328184200331548
gaia2,hle,0.6328184200331548,0.6328184200331548
pixiu,spider2,0.6323529411764706,0.6323529411764706
gpqa-diamond,strongreject,-0.6323529411764706,0.6323529411764706
bixbench,strongreject,-0.6320725231595551,0.6320725231595551
omnimath,replicationbench,0.6318121726836825,0.6318121726836825
cybergym,qcircuitbench,0.6315349050815294,0.6315349050815294
compilebench,spreadsheetbench,0.6303105498396759,0.6303105498396759
omnimath,pixiu,0.6294117647058823,0.6294117647058823
gaia,swtbench,0.6293295739739898,0.6293295739739898
financeagent_terminal,kumo,0.6290974293734655,0.6290974293734655
aa-lcr,spreadsheetbench,0.6288659793814433,0.6288659793814433
quixbugs,swebench-verified,0.628698224852071,0.628698224852071
financeagent_terminal,replicationbench,0.628592654098142,0.628592654098142
aime,livecodebench,0.6282419632106578,0.6282419632106578
arc-agi-2,sldbench,0.6273939057418385,0.6273939057418385
seal0,swebenchpro,0.6269317370561022,0.6269317370561022
gso,qcircuitbench,0.6259211500945572,0.6259211500945572
crustbench,gso,0.6249080547189032,0.6249080547189032
compilebench,swebenchpro,0.6246538315731753,0.6246538315731753
medagentbench,replicationbench,0.624448394447276,0.624448394447276
crustbench,spreadsheetbench,0.6244477172312224,0.6244477172312224
hle,mmau,0.6239883955675759,0.6239883955675759
bigcodebench,medagentbench,0.6235294117647059,0.6235294117647059
livecodebench,widesearch,0.6235294117647059,0.6235294117647059
medagentbench,simpleqa,0.6235294117647059,0.6235294117647059
aime,swtbench,0.6232463112860274,0.6232463112860274
gaia2,gpqa-diamond,0.6225167248233128,0.6225167248233128
crustbench,reasoning-gym,0.6225167248233128,0.6225167248233128
strongreject,swebench-verified,-0.6224215871030584,0.6224215871030584
bixbench,labbench,0.6216863549386235,0.6216863549386235
aime,crustbench,0.6213078934107841,0.6213078934107841
cybergym,livecodebench,0.621133153703716,0.621133153703716
omnimath,swebenchpro,0.6205882352941177,0.6205882352941177
gaia,replicationbench,0.6204865354638167,0.6204865354638167
aa-lcr,swebench-verified,0.6199277186738484,0.6199277186738484
gaia,kumo,0.6194532470835421,0.6194532470835421
bfcl,dacode,0.6185573718581506,0.6185573718581506
aa-lcr,swesmith,0.617820324005891,0.617820324005891
bigcodebench,widesearch,0.6176470588235294,0.6176470588235294
pixiu,swebenchpro,0.6176470588235294,0.6176470588235294
lawbench,strongreject,-0.6176470588235294,0.6176470588235294
bigcodebench,scicode,0.6176470588235294,0.6176470588235294
compilebench,gpqa-diamond,0.6172351399867956,0.6172351399867956
aa-lcr,crustbench,0.6170839469808542,0.6170839469808542
bigcodebench,kumo,0.6167736557054664,0.6167736557054664
aa-lcr,dacode,0.6166300418462601,0.6166300418462601
mmmlu,widesearch,0.6165218564196171,0.6165218564196171
crustbench,cybergym,0.6156421403661598,0.6156421403661598
financeagent_terminal,qcircuitbench,0.615158371101997,0.615158371101997
omnimath,qcircuitbench,0.6147058823529412,0.6147058823529412
pixiu,sldbench,0.6147058823529412,0.6147058823529412
qcircuitbench,swebenchpro,0.6147058823529412,0.6147058823529412
simpleqa,skillsbench,0.6147058823529412,0.6147058823529412
bixbench,sldbench,0.6142676633522437,0.6142676633522437
cybergym,medagentbench,0.6137033312909921,0.6137033312909921
cybergym,terminal-bench,0.6137033312909921,0.6137033312909921
gaia,skillsbench,0.6136867003577339,0.6136867003577339
aime,mmau,0.6131717186161191,0.6131717186161191
arc-agi-2,strongreject,-0.6126663492690254,0.6126663492690254
cybergym,hle,0.6122173668084474,0.6122173668084474
scicode,swebenchpro,0.611764705882353,0.611764705882353
aime,algotune,0.6094734573458168,0.6094734573458168
aime,quixbugs,0.6093417588194011,0.6093417588194011
omnimath,spider2,0.6088235294117647,0.6088235294117647
dacode,strongreject,-0.6088235294117647,0.6088235294117647
deepsynth,reasoning-gym,0.6088235294117647,0.6088235294117647
aa-lcr,lawbench,0.6078000173806812,0.6078000173806812
aime,pixiu,0.6075469338343067,0.6075469338343067
gso,seal0,0.6064850578227092,0.6064850578227092
aime,reasoning-gym,0.6060687174502817,0.6060687174502817
dacode,omnimath,0.6058823529411764,0.6058823529411764
medagentbench,skillsbench,0.6058823529411764,0.6058823529411764
dacode,livecodebench,0.6058823529411764,0.6058823529411764
seal0,swebench-multilingual,0.6057481379468614,0.6057481379468614
codepde,reasoning-gym,0.6056976841798525,0.6056976841798525
bfcl,swebench-verified,0.6056136591989483,0.6056136591989483
crustbench,spider2,0.604856675892155,0.604856675892155
cybergym,omnimath,0.6047875443957235,0.6047875443957235
swebench-multilingual,swebenchpro,0.6038298153853375,0.6038298153853375
algotune,medagentbench,0.6033850051478917,0.6033850051478917
scicode,spreadsheetbench,0.6033850051478917,0.6033850051478917
lawbench,sldbench,0.6029411764705882,0.6029411764705882
reasoning-gym,swebenchpro,0.6029411764705882,0.6029411764705882
compilebench,labbench,0.6023977568140361,0.6023977568140361
gaia,swesmith,0.6023564064801178,0.6023564064801178
research-code-bench,skillsbench,0.6017725297110138,0.6017725297110138
crustbench,financeagent_terminal,0.601620029455081,0.601620029455081
gaia2,replicationbench,0.600589698815927,0.600589698815927
strongreject,swtbench,-0.5979387927962123,0.5979387927962123
mmau,swebench-verified,0.5977874430069253,0.5977874430069253
bigcodebench,gpqa-diamond,0.5970588235294118,0.5970588235294118
hle,reasoning-gym,0.5970588235294118,0.5970588235294118
medagentbench,swebench-multilingual,0.5949932815016497,0.5949932815016497
compilebench,spider2,0.5949790652276563,0.5949790652276563
bixbench,usaco,0.5949790652276563,0.5949790652276563
financeagent_terminal,reasoning-gym,0.5945549806823128,0.5945549806823128
deepsynth,sldbench,0.5941176470588235,0.5941176470588235
aider-polyglot,sldbench,0.5941176470588235,0.5941176470588235
scicode,sldbench,0.5941176470588235,0.5941176470588235
omnimath,skillsbench,0.5941176470588235,0.5941176470588235
algotune,swtbench,0.5939574199332972,0.5939574199332972
gaia,gaia2,0.593519882179676,0.593519882179676
algotune,widesearch,0.5930833099380497,0.5930833099380497
seal0,swesmith,0.5920471281296024,0.5920471281296024
seal0,sldbench,0.5916116391937866,0.5916116391937866
algotune,swe-lancer,0.5916116391937866,0.5916116391937866
cybergym,gpqa-diamond,0.5914138640528205,0.5914138640528205
qcircuitbench,spider2,0.5911764705882353,0.5911764705882353
gaia2,pixiu,0.5901399684495234,0.5901399684495234
mmmlu,skillsbench,0.5899730683441311,0.5899730683441311
labbench,research-code-bench,0.5899730683441311,0.5899730683441311
gaia,scicode,0.5886682977052603,0.5886682977052603
reasoning-gym,sldbench,0.5882352941176471,0.5882352941176471
qcircuitbench,usaco,0.5882352941176471,0.5882352941176471
cybergym,swebench-multilingual,0.5878210498817044,0.5878210498817044
mmau,spreadsheetbench,0.5876288659793815,0.5876288659793815
bfcl,spreadsheetbench,0.5873251410506674,0.5873251410506674
omnimath,spreadsheetbench,0.5871966269609971,0.5871966269609971
aa-lcr,bigcodebench,0.5871966269609971,0.5871966269609971
financeagent_terminal,strongreject,-0.5871966269609971,0.5871966269609971
aa-lcr,livecodebench,0.5871966269609971,0.5871966269609971
medagentbench,quixbugs,0.5870232030024105,0.5870232030024105
bixbench,mmmlu,0.5863199108047115,0.5863199108047115
swtbench,usaco,0.5861567476179618,0.5861567476179618
gaia,swe-lancer,0.5857249562167339,0.5857249562167339
bigcodebench,hle,0.5852941176470589,0.5852941176470589
omnimath,reasoning-gym,0.5852941176470589,0.5852941176470589
bigcodebench,replicationbench,0.5846839919706805,0.5846839919706805
financeagent_terminal,pixiu,0.5842532854724708,0.5842532854724708
omnimath,quixbugs,0.5840733376606898,0.5840733376606898
swesmith,swtbench,0.5836405416714285,0.5836405416714285
cybergym,swe-lancer,0.5824980771575519,0.5824980771575519
aider-polyglot,reasoning-gym,0.5823529411764706,0.5823529411764706
lawbench,livecodebench,0.5823529411764706,0.5823529411764706
dacode,reasoning-gym,0.5823529411764706,0.5823529411764706
omnimath,swebench-verified,0.5811234723189692,0.5811234723189692
mmau,skillsbench,0.5798382732396814,0.5798382732396814
cybergym,deepsynth,0.5795261481924623,0.5795261481924623
sldbench,swebenchpro,0.5794117647058824,0.5794117647058824
algotune,swebench-verified,0.578599204095592,0.578599204095592
scicode,seal0,0.5783666024954182,0.5783666024954182
algotune,qcircuitbench,0.576894931751155,0.576894931751155
cybergym,swebench-verified,0.576767130690488,0.576767130690488
simpleqa,sldbench,0.5764705882352941,0.5764705882352941
gpqa-diamond,sldbench,0.5764705882352941,0.5764705882352941
pixiu,simpleqa,0.5764705882352941,0.5764705882352941
strongreject,terminal-bench,-0.5764705882352941,0.5764705882352941
hle,sldbench,0.5764705882352941,0.5764705882352941
gaia,spreadsheetbench,0.5758468335787923,0.5758468335787923
medagentbench,seal0,0.5754232610068919,0.5754232610068919
mmau,pixiu,0.5754232610068919,0.5754232610068919
quixbugs,scicode,0.5752237416355279,0.5752237416355279
omnimath,swtbench,0.5743747024397113,0.5743747024397113
compilebench,medagentbench,0.574206728785793,0.574206728785793
kumo,labbench,0.5737774152836911,0.5737774152836911
simpleqa,widesearch,0.5735294117647058,0.5735294117647058
hle,usaco,0.5735294117647058,0.5735294117647058
arc-agi-2,gaia,0.5733236634095599,0.5733236634095599
bigcodebench,compilebench,0.572722990468517,0.572722990468517
crustbench,sldbench,0.5724799195183656,0.5724799195183656
gaia2,qcircuitbench,0.5724799195183656,0.5724799195183656
dacode,seal0,0.5724799195183656,0.5724799195183656
aime,qcircuitbench,0.5720697406177049,0.5720697406177049
compilebench,usaco,0.5712392521512412,0.5712392521512412
quixbugs,usaco,0.5707989436229469,0.5707989436229469
spider2,strongreject,-0.5705882352941176,0.5705882352941176
bigcodebench,reasoning-gym,0.5705882352941176,0.5705882352941176
gaia2,strongreject,-0.5695365780298393,0.5695365780298393
gpqa-diamond,swebench-multilingual,0.5684836798505861,0.5684836798505861
gaia,mmmlu,0.5682670754510277,0.5682670754510277
reasoning-gym,swe-lancer,0.5676470588235294,0.5676470588235294
sldbench,usaco,0.5676470588235294,0.5676470588235294
aider-polyglot,usaco,0.5676470588235294,0.5676470588235294
simpleqa,swebench-verified,0.5663741456103659,0.5663741456103659
kumo,strongreject,-0.566364270383385,0.566364270383385
crustbench,gaia,0.5655375552282769,0.5655375552282769
dacode,gaia,0.5651215657970499,0.5651215657970499
pixiu,usaco,0.5647058823529412,0.5647058823529412
livecodebench,sldbench,0.5647058823529412,0.5647058823529412
simpleqa,spider2,0.5647058823529412,0.5647058823529412
aa-lcr,scicode,0.5636498950527867,0.5636498950527867
compilebench,gaia2,0.5627507618121018,0.5627507618121018
scicode,swebench-multilingual,0.5625926572614608,0.5625926572614608
algotune,swesmith,0.5625920471281296,0.5625920471281296
simpleqa,swebenchpro,0.5617647058823529,0.5617647058823529
bfcl,gaia2,0.5615329453959956,0.5615329453959956
humanevalfix,strongreject,-0.5614183718362752,0.5614183718362752
bigcodebench,bixbench,0.5608530839303095,0.5608530839303095
seal0,spider2,0.5607065535642604,0.5607065535642604
compilebench,simpleqa,0.5593693456130335,0.5593693456130335
mmau,replicationbench,0.5593221857684523,0.5593221857684523
sldbench,swe-lancer,0.5588235294117647,0.5588235294117647
scicode,spider2,0.5588235294117647,0.5588235294117647
replicationbench,usaco,0.5581743903196169,0.5581743903196169
bixbench,swesmith,0.55755385504075,0.55755385504075
crustbench,gaia2,0.5567010309278351,0.5567010309278351
aa-lcr,pixiu,0.556291541331471,0.556291541331471
qcircuitbench,swesmith,0.556291541331471,0.556291541331471
cybergym,scicode,0.5557507164717459,0.5557507164717459
arc-agi-2,mmau,0.5556375863892136,0.5556375863892136
gaia,sldbench,0.5548198705872078,0.5548198705872078
gaia,lawbench,0.5548198705872078,0.5548198705872078
aider-polyglot,gaia,0.5548198705872078,0.5548198705872078
gaia,gso,0.5526899068858224,0.5526899068858224
swesmith,widesearch,0.5504048583544183,0.5504048583544183
lawbench,seal0,0.5504048583544183,0.5504048583544183
dacode,sldbench,0.55,0.55
skillsbench,sldbench,0.55,0.55
swebench-multilingual,widesearch,0.549337856435929,0.549337856435929
bfcl,spider2,0.5449195894940851,0.5449195894940851
livecodebench,swebenchpro,0.5441176470588235,0.5441176470588235
livecodebench,medagentbench,0.5441176470588235,0.5441176470588235
skillsbench,strongreject,-0.5441176470588235,0.5441176470588235
seal0,spreadsheetbench,0.5434462444771723,0.5434462444771723
gaia,livecodebench,0.5430465046331026,0.5430465046331026
algotune,hle,0.5430465046331026,0.5430465046331026
aime,bfcl,0.5425647816777411,0.5425647816777411
gaia,quixbugs,0.54169874465072,0.54169874465072
seal0,strongreject,-0.5415748338888394,0.5415748338888394
crustbench,omnimath,0.5415748338888394,0.5415748338888394
featurebench-modal,sldbench,0.5405013225522411,0.5405013225522411
algotune,gaia,0.540500736377025,0.540500736377025
mmau,spider2,0.5401031631445763,0.5401031631445763
algotune,skillsbench,0.5386314924003132,0.5386314924003132
aa-lcr,compilebench,0.5382510584614429,0.5382510584614429
reasoning-gym,widesearch,0.538235294117647,0.538235294117647
bfcl,swe-lancer,0.5375558112576786,0.5375558112576786
compilebench,strongreject,-0.5371132708538943,0.5371132708538943
cybergym,humanevalfix,0.5370640909964451,0.5370640909964451
livecodebench,mmau,0.5356881509117868,0.5356881509117868
aa-lcr,mmau,0.5353460972017673,0.5353460972017673
mmau,quixbugs,0.535056661950643,0.535056661950643
aa-lcr,research-code-bench,0.5335806435728482,0.5335806435728482
crustbench,usaco,0.5312731386789974,0.5312731386789974
reasoning-gym,swebench-verified,0.530975761509718,0.530975761509718
aa-lcr,reasoning-gym,0.5298014679347343,0.5298014679347343
research-code-bench,simpleqa,0.5295008288388577,0.5295008288388577
gso,research-code-bench,0.5288041219346914,0.5288041219346914
cybergym,skillsbench,0.5275173913033951,0.5275173913033951
arc-agi-2,labbench,0.5272465217267094,0.5272465217267094
mmmlu,seal0,0.5269385608727712,0.5269385608727712
bigcodebench,strongreject,-0.5264705882352941,0.5264705882352941
aa-lcr,mmmlu,0.5254625424949764,0.5254625424949764
algotune,reasoning-gym,0.5253864557019448,0.5253864557019448
humanevalfix,sldbench,0.5246040523716013,0.5246040523716013
replicationbench,research-code-bench,0.5243728024771381,0.5243728024771381
compilebench,mmau,0.5241451686534879,0.5241451686534879
gaia2,omnimath,0.5239147849576816,0.5239147849576816
strongreject,usaco,-0.5235294117647059,0.5235294117647059
aa-lcr,cybergym,0.5227009959872105,0.5227009959872105
omnimath,strongreject,-0.5205882352941177,0.5205882352941177
bfcl,bigcodebench,0.5198827434903028,0.5198827434903028
sldbench,spreadsheetbench,0.5194997727248922,0.5194997727248922
scicode,swesmith,0.5194997727248922,0.5194997727248922
crustbench,quixbugs,0.5188204597948993,0.5188204597948993
cybergym,lawbench,0.5186016044081265,0.5186016044081265
bfcl,gso,0.5184365781710915,0.5184365781710915
featurebench-modal,reasoning-gym,0.5184099878430215,0.5184099878430215
research-code-bench,seal0,0.5180824506060019,0.5180824506060019
gaia2,scicode,0.518028101980629,0.518028101980629
dacode,simpleqa,0.5176470588235295,0.5176470588235295
mmmlu,replicationbench,0.5169872700478827,0.5169872700478827
labbench,pixiu,0.5147058823529411,0.5147058823529411
swe-lancer,usaco,0.5147058823529411,0.5147058823529411
compilebench,financeagent_terminal,0.5137513551107842,0.5137513551107842
labbench,skillsbench,0.5117647058823529,0.5117647058823529
replicationbench,sldbench,0.511046209606615,0.511046209606615
mmau,usaco,0.5106697482593133,0.5106697482593133
mmau,omnimath,0.5106697482593133,0.5106697482593133
mmmlu,simpleqa,0.5103267041176734,0.5103267041176734
gso,omnimath,0.5095734539593336,0.5095734539593336
gso,medagentbench,0.5095734539593336,0.5095734539593336
gso,simpleqa,0.5095734539593336,0.5095734539593336
livecodebench,spreadsheetbench,0.5091980775150501,0.5091980775150501
livecodebench,strongreject,-0.5088235294117647,0.5088235294117647
gso,scicode,0.5081006983120523,0.5081006983120523
strongreject,swesmith,-0.507726406770787,0.507726406770787
crustbench,labbench,0.507726406770787,0.507726406770787
sldbench,swebench-verified,0.5073768387759527,0.5073768387759527
aime,strongreject,-0.5070282197206015,0.5070282197206015
gaia,research-code-bench,0.5062743035836429,0.5062743035836429
gaia,reasoning-gym,0.5062547360265238,0.5062547360265238
featurebench-modal,research-code-bench,0.5059089714039995,0.5059089714039995
strongreject,swebenchpro,-0.5058823529411764,0.5058823529411764
livecodebench,reasoning-gym,0.5058823529411764,0.5058823529411764
pixiu,reasoning-gym,0.5058823529411764,0.5058823529411764
algotune,arc-agi-2,0.5047901149557178,0.5047901149557178
replicationbench,swesmith,0.5047901149557178,0.5047901149557178
bixbench,mmau,0.5040999568211307,0.5040999568211307
financeagent_terminal,swebench-multilingual,0.5040531950798701,0.5040531950798701
aider-polyglot,algotune,0.5033113945379976,0.5033113945379976
bfcl,featurebench-modal,0.5029498525073747,0.5029498525073747
gpqa-diamond,usaco,0.5029411764705882,0.5029411764705882
ineqmath,reasoning-gym,0.5025804470364235,0.5025804470364235
aa-lcr,qcircuitbench,0.5018397237937344,0.5018397237937344
hle,labbench,0.5,0.5
sldbench,strongreject,-0.5,0.5
arc-agi-2,reasoning-gym,0.49926416442836447,0.49926416442836447
bfcl,lawbench,0.49926416442836447,0.49926416442836447
aa-lcr,ineqmath,0.49852561599477807,0.49852561599477807
simpleqa,spreadsheetbench,0.4974247115609449,0.4974247115609449
research-code-bench,swebenchpro,0.4970523100799305,0.4970523100799305
gaia2,mmau,0.4963181148748159,0.4963181148748159
aime,swebench-multilingual,0.49445194292050626,0.49445194292050626
terminal-bench,usaco,0.49411764705882355,0.49411764705882355
skillsbench,usaco,0.49411764705882355,0.49411764705882355
omnimath,sldbench,0.49411764705882355,0.49411764705882355
gso,livecodebench,0.4933731418392392,0.4933731418392392
crustbench,swesmith,0.49337260677466865,0.49337260677466865
bfcl,deepsynth,0.4919003861919579,0.4919003861919579
gaia2,simpleqa,0.49153802858389234,0.49153802858389234
ineqmath,swebenchpro,0.49078970341093553,0.49078970341093553
simpleqa,swebench-multilingual,0.4904276305446766,0.4904276305446766
skillsbench,swesmith,0.49006635783962915,0.49006635783962915
bfcl,gpqa-diamond,0.4889548748973953,0.4889548748973953
financeagent_terminal,ineqmath,0.4889385849179554,0.4889385849179554
aa-lcr,sldbench,0.4871230163511029,0.4871230163511029
algotune,quixbugs,0.4870860646723095,0.4870860646723095
kumo,reasoning-gym,0.4863023054600793,0.4863023054600793
aider-polyglot,bfcl,0.48600936360283264,0.48600936360283264
algotune,crustbench,0.4852724594992636,0.4852724594992636
cybergym,widesearch,0.4844244213095967,0.4844244213095967
pixiu,swesmith,0.48417967486257657,0.48417967486257657
financeagent_terminal,simpleqa,0.48417967486257657,0.48417967486257657
mmau,swebench-multilingual,0.48341943855613273,0.48341943855613273
scicode,usaco,0.4823529411764706,0.4823529411764706
aime,cybergym,0.4817093457880232,0.4817093457880232
aa-lcr,usaco,0.48123633337405025,0.48123633337405025
aa-lcr,swebench-multilingual,0.48120867892858943,0.48120867892858943
mmmlu,quixbugs,0.47928994082840237,0.47928994082840237
quixbugs,swesmith,0.4789679635944377,0.4789679635944377
reasoning-gym,swebench-multilingual,0.4786455853664261,0.4786455853664261
arc-agi-2,bfcl,0.4786135693215339,0.4786135693215339
reasoning-gym,swesmith,0.4768213211412608,0.4768213211412608
aider-polyglot,labbench,0.4764705882352941,0.4764705882352941
compilebench,omnimath,0.4762799998455803,0.4762799998455803
bfcl,bixbench,0.4762389978774188,0.4762389978774188
gaia2,seal0,0.47569955817378495,0.47569955817378495
gso,sldbench,0.47422731842458216,0.47422731842458216
simpleqa,swtbench,0.47422731842458216,0.47422731842458216
bfcl,swesmith,0.4738394801701118,0.4738394801701118
labbench,widesearch,0.47352941176470587,0.47352941176470587
qcircuitbench,simpleqa,0.47352941176470587,0.47352941176470587
lawbench,simpleqa,0.47352941176470587,0.47352941176470587
humanevalfix,usaco,0.4724504331299802,0.4724504331299802
bfcl,terminal-bench,0.47128180713001955,0.47128180713001955
bigcodebench,sldbench,0.47058823529411764,0.47058823529411764
omnimath,swebench-multilingual,0.4698090514827382,0.4698090514827382
bfcl,financeagent_terminal,0.4694179609150252,0.4694179609150252
livecodebench,spider2,0.4676470588235294,0.4676470588235294
bfcl,humanevalfix,0.4670019865666817,0.4670019865666817
gaia,qcircuitbench,0.46651962593141877,0.46651962593141877
financeagent_terminal,livecodebench,0.46651962593141877,0.46651962593141877
hle,mmmlu,0.4660787239918636,0.4660787239918636
cybergym,featurebench-modal,0.4657923762353759,0.4657923762353759
research-code-bench,widesearch,0.46460379132100327,0.46460379132100327
gaia,mmau,0.4639175257731959,0.4639175257731959
reasoning-gym,spreadsheetbench,0.46357628444289245,0.46357628444289245
mmau,swesmith,0.4631811487481591,0.4631811487481591
bixbench,reasoning-gym,0.4629263549900967,0.4629263549900967
aa-lcr,labbench,0.46063294295436613,0.46063294295436613
quixbugs,simpleqa,0.46017899330842227,0.46017899330842227
compilebench,mmmlu,0.4598295747174006,0.4598295747174006
bigcodebench,livecodebench,0.4588235294117647,0.4588235294117647
reasoning-gym,seal0,0.45768960146583987,0.45768960146583987
gaia,swebench-verified,0.45313764198302736,0.45313764198302736
bfcl,omnimath,0.4521359837153625,0.4521359837153625
kumo,mmau,0.4510509870979564,0.4510509870979564
cybergym,quixbugs,0.45008701154658237,0.45008701154658237
sldbench,spider2,0.45,0.45
bfcl,kumo,0.4498986838689945,0.4498986838689945
algotune,ineqmath,0.44985299668167844,0.44985299668167844
aime,compilebench,0.44966755521744145,0.44966755521744145
reasoning-gym,replicationbench,0.4491904724207999,0.4491904724207999
mmau,seal0,0.4491899852724595,0.4491899852724595
gso,mmau,0.44878420439128786,0.44878420439128786
gaia2,sldbench,0.4473879062559978,0.4473879062559978
labbench,omnimath,0.4470588235294118,0.4470588235294118
bfcl,hle,0.44624496112623724,0.44624496112623724
bixbench,research-code-bench,0.44494835870712873,0.44494835870712873
scicode,simpleqa,0.4441176470588235,0.4441176470588235
omnimath,usaco,0.4441176470588235,0.4441176470588235
quixbugs,reasoning-gym,0.4439547339289587,0.4439547339289587
mmmlu,swebenchpro,0.4424798012580984,0.4424798012580984
featurebench-modal,strongreject,-0.44182669418439335,0.44182669418439335
algotune,pixiu,0.4415012232789452,0.4415012232789452
cybergym,usaco,0.4413314513157982,0.4413314513157982
bigcodebench,omnimath,0.4411764705882353,0.4411764705882353
labbench,swe-lancer,0.4411764705882353,0.4411764705882353
bigcodebench,seal0,0.44002955253468207,0.44002955253468207
bigcodebench,codepde,0.43901920597802574,0.43901920597802574
replicationbench,strongreject,-0.4388811828898307,0.4388811828898307
aa-lcr,strongreject,-0.4385578817904189,0.4385578817904189
bigcodebench,gaia,0.43708621104615575,0.43708621104615575
financeagent_terminal,research-code-bench,0.43616343063838625,0.43616343063838625
compilebench,research-code-bench,0.4360196291009656,0.4360196291009656
labbench,usaco,0.43529411764705883,0.43529411764705883
strongreject,widesearch,-0.43529411764705883,0.43529411764705883
arc-agi-2,usaco,0.43446291594798675,0.43446291594798675
gso,mmmlu,0.43426930684022147,0.43426930684022147
algotune,omnimath,0.43414286955762943,0.43414286955762943
cybergym,gso,0.43379705326713125,0.43379705326713125
swebench-multilingual,usaco,0.4329901603007055,0.4329901603007055
sldbench,swesmith,0.4326711988133663,0.4326711988133663
gaia,pixiu,0.4326711988133663,0.4326711988133663
aa-lcr,bfcl,0.43257196712263707,0.43257196712263707
reasoning-gym,spider2,0.4323529411764706,0.4323529411764706
scicode,strongreject,-0.4323529411764706,0.4323529411764706
livecodebench,swesmith,0.42825618658057685,0.42825618658057685
financeagent_terminal,mmmlu,0.42656931118271957,0.42656931118271957
usaco,widesearch,0.4264705882352941,0.4264705882352941
cybergym,dacode,0.4249858420078057,0.4249858420078057
kumo,usaco,0.42254925931744697,0.42254925931744697
aa-lcr,algotune,0.4212076583210604,0.4212076583210604
arc-agi-2,mmmlu,0.4194982419817105,0.4194982419817105
gaia,labbench,0.41942616211499795,0.41942616211499795
algotune,kumo,0.41915099952359436,0.41915099952359436
bfcl,pixiu,0.4182626038278924,0.4182626038278924
deepsynth,usaco,0.4176470588235294,0.4176470588235294
reasoning-gym,strongreject,-0.4176470588235294,0.4176470588235294
algotune,swebench-multilingual,0.4163597298539862,0.4163597298539862
cybergym,swesmith,0.4141457393525978,0.4141457393525978
aime,ineqmath,0.41407589169514625,0.41407589169514625
bfcl,skillsbench,0.41384433688604844,0.41384433688604844
mmmlu,omnimath,0.4129811478408918,0.4129811478408918
lawbench,usaco,0.4117647058823529,0.4117647058823529
research-code-bench,spider2,0.4115062151700315,0.4115062151700315
gpqa-diamond,mmmlu,0.41003128249917115,0.41003128249917115
algotune,bixbench,0.40981321968374695,0.40981321968374695
compilebench,gaia,0.40981321968374695,0.40981321968374695
bfcl,medagentbench,0.40795331429692316,0.40795331429692316
gpqa-diamond,ineqmath,0.406780655079334,0.406780655079334
gaia2,research-code-bench,0.40590505389359127,0.40590505389359127
cybergym,swebenchpro,0.4056683037347236,0.4056683037347236
bfcl,swebenchpro,0.40500780300236056,0.40500780300236056
reasoning-gym,skillsbench,0.40294117647058825,0.40294117647058825
swebenchpro,usaco,0.40294117647058825,0.40294117647058825
ineqmath,medagentbench,0.40088528326659,0.40088528326659
compilebench,reasoning-gym,0.3991256073472308,0.3991256073472308
mmau,sldbench,0.3988227716953138,0.3988227716953138
compilebench,swesmith,0.3986769908879929,0.3986769908879929
deepsynth,mmmlu,0.3982318211322885,0.3982318211322885
quixbugs,research-code-bench,0.3979289940828402,0.3979289940828402
bfcl,scicode,0.397644024765954,0.397644024765954
cybergym,strongreject,-0.39675251683945495,0.39675251683945495
featurebench-modal,mmmlu,0.39586453820809303,0.39586453820809303
financeagent_terminal,sldbench,0.3944077594625244,0.3944077594625244
bfcl,swebench-multilingual,0.3938053097345133,0.3938053097345133
livecodebench,mmmlu,0.3923320904488472,0.3923320904488472
bfcl,replicationbench,0.39233038348082594,0.39233038348082594
cybergym,gaia,0.39183986470165,0.39183986470165
ineqmath,omnimath,0.39056838259428805,0.39056838259428805
cybergym,reasoning-gym,0.38932269442673106,0.38932269442673106
deepsynth,research-code-bench,0.3879072924362662,0.3879072924362662
kumo,mmmlu,0.3866223365135295,0.3866223365135295
arc-agi-2,research-code-bench,0.38552479280713536,0.38552479280713536
bfcl,strongreject,-0.3843892239404222,0.3843892239404222
simpleqa,usaco,0.38235294117647056,0.38235294117647056
labbench,terminal-bench,0.38235294117647056,0.38235294117647056
aime,sldbench,0.3813798270784699,0.3813798270784699
algotune,strongreject,-0.381162722764156,0.381162722764156
gaia2,reasoning-gym,0.3796910520198929,0.3796910520198929
deepsynth,labbench,0.37941176470588234,0.37941176470588234
gpqa-diamond,labbench,0.37941176470588234,0.37941176470588234
gaia2,livecodebench,0.3782193812756297,0.3782193812756297
algotune,replicationbench,0.37803989630990253,0.37803989630990253
kumo,research-code-bench,0.3777002825939865,0.3777002825939865
algotune,bfcl,0.3758291366823593,0.3758291366823593
aime,mmmlu,0.3750935887623077,0.3750935887623077
crustbench,research-code-bench,0.3741706587710014,0.3741706587710014
research-code-bench,terminal-bench,0.36430836970250097,0.36430836970250097
ineqmath,sldbench,0.3640392094369402,0.3640392094369402
gaia,usaco,0.36203100308873504,0.36203100308873504
algotune,codepde,0.3611543216714458,0.3611543216714458
mmmlu,swe-lancer,0.35988357168992,0.35988357168992
labbench,medagentbench,0.3558823529411765,0.3558823529411765
cybergym,swtbench,0.35492486176401644,0.35492486176401644
mmau,strongreject,-0.3546726493674193,0.3546726493674193
crustbench,strongreject,-0.34731429564610355,0.34731429564610355
featurebench-modal,labbench,0.3446248214638268,0.3446248214638268
medagentbench,strongreject,-0.34411764705882353,0.34411764705882353
cybergym,spreadsheetbench,0.3435104696245964,0.3435104696245964
codepde,mmmlu,-0.3403121535789306,0.3403121535789306
cybergym,spider2,0.3402858665027535,0.3402858665027535
bfcl,widesearch,0.34020655452198284,0.34020655452198284
research-code-bench,spreadsheetbench,0.3387462177039243,0.3387462177039243
bfcl,crustbench,0.3367723832624278,0.3367723832624278
swebench-verified,usaco,0.33628464895615473,0.33628464895615473
medagentbench,usaco,0.3352941176470588,0.3352941176470588
simpleqa,strongreject,-0.3352941176470588,0.3352941176470588
mmmlu,pixiu,0.3333347836144341,0.3333347836144341
aime,usaco,0.3311204700216173,0.3311204700216173
mmmlu,swtbench,0.3293947463447938,0.3293947463447938
aime,labbench,0.32816403725356713,0.32816403725356713
algotune,sldbench,0.32671090522641943,0.32671090522641943
gaia,swebench-multilingual,0.32645550500055914,0.32645550500055914
livecodebench,research-code-bench,0.32596012026013244,0.32596012026013244
mmmlu,spider2,0.32448518758927214,0.32448518758927214
labbench,scicode,0.3235294117647059,0.3235294117647059
deepsynth,ineqmath,0.32277160674773236,0.32277160674773236
mmmlu,terminal-bench,0.3215353222475515,0.3215353222475515
humanevalfix,research-code-bench,0.32076923076923075,0.32076923076923075
algotune,compilebench,0.31998097406466475,0.31998097406466475
humanevalfix,labbench,0.31905743536050607,0.31905743536050607
hle,research-code-bench,0.31858545690583084,0.31858545690583084
reasoning-gym,simpleqa,0.3176470588235294,0.3176470588235294
aime,research-code-bench,0.31727283792543026,0.31727283792543026
bfcl,cybergym,0.31697692056912163,0.31697692056912163
gaia2,mmmlu,0.31586793284810377,0.31586793284810377
cybergym,financeagent_terminal,0.31228224511326946,0.31228224511326946
ineqmath,simpleqa,0.30950702016905846,0.30950702016905846
aider-polyglot,mmmlu,0.3067859955389482,0.3067859955389482
aider-polyglot,research-code-bench,0.30531106286808785,0.30531106286808785
bfcl,qcircuitbench,0.3048604189872314,0.3048604189872314
labbench,quixbugs,0.30383613019722755,0.30383613019722755
gso,reasoning-gym,0.3033876633399501,0.3033876633399501
algotune,seal0,0.30338733431516934,0.30338733431516934
bigcodebench,cybergym,0.3031367544391341,0.3031367544391341
research-code-bench,swe-lancer,0.3023611975263672,0.3023611975263672
bfcl,gaia,0.30213714909758294,0.30213714909758294
ineqmath,mmau,0.30162274695542046,0.30162274695542046
labbench,sldbench,0.29705882352941176,0.29705882352941176
cybergym,gaia2,0.29666813285760596,0.29666813285760596
humanevalfix,ineqmath,0.29593504017927386,0.29593504017927386
gaia,strongreject,-0.2958058195968933,0.2958058195968933
financeagent_terminal,usaco,0.2958058195968933,0.2958058195968933
labbench,swtbench,0.2945511294562622,0.2945511294562622
ineqmath,widesearch,0.2903470617776405,0.2903470617776405
bigcodebench,simpleqa,0.28823529411764703,0.28823529411764703
bfcl,quixbugs,0.2880357647409632,0.2880357647409632
codepde,swtbench,0.2876460551573558,0.2876460551573558
codepde,scicode,0.28722273475850496,0.28722273475850496
featurebench-modal,ineqmath,0.2870849490298303,0.2870849490298303
research-code-bench,swtbench,0.2865586582551121,0.2865586582551121
ineqmath,terminal-bench,0.2859255329180826,0.2859255329180826
dacode,usaco,0.2852941176470588,0.2852941176470588
codepde,swebenchpro,0.27829353056912143,0.27829353056912143
codepde,humanevalfix,0.27786188820286717,0.27786188820286717
featurebench-modal,usaco,0.2768780616888865,0.2768780616888865
bfcl,reasoning-gym,0.2754053060416052,0.2754053060416052
cybergym,mmmlu,0.27422519908798393,0.27422519908798393
ineqmath,seal0,0.27286165372495247,0.27286165372495247
ineqmath,scicode,0.2726609463394086,0.2726609463394086
codepde,labbench,-0.2708525270779684,0.2708525270779684
bigcodebench,research-code-bench,0.26991267876744,0.26991267876744
crustbench,mmmlu,0.2686353447586677,0.2686353447586677
bfcl,livecodebench,0.26804152780519863,0.26804152780519863
bfcl,simpleqa,0.26804152780519863,0.26804152780519863
labbench,swebench-verified,0.26253801541313837,0.26253801541313837
bfcl,mmau,0.2623434758018037,0.2623434758018037
labbench,swebenchpro,0.26176470588235295,0.26176470588235295
hle,ineqmath,0.2593963597607347,0.2593963597607347
pixiu,research-code-bench,0.2566382847296971,0.2566382847296971
codepde,simpleqa,-0.2544823193974319,0.2544823193974319
ineqmath,usaco,0.25350098794799075,0.25350098794799075
medagentbench,mmmlu,0.2507385540462557,0.2507385540462557
mmmlu,spreadsheetbench,0.24944710584733426,0.24944710584733426
bigcodebench,ineqmath,0.24907945908843274,0.24907945908843274
ineqmath,quixbugs,0.24759799815198985,0.24759799815198985
humanevalfix,mmmlu,0.24615384615384617,0.24615384615384617
codepde,ineqmath,0.2453508281698455,0.2453508281698455
mmmlu,scicode,0.2389390926793731,0.2389390926793731
codepde,qcircuitbench,0.23811211171689534,0.23811211171689534
codepde,crustbench,0.23381949897903914,0.23381949897903914
research-code-bench,swebench-verified,0.23372781065088757,0.23372781065088757
codepde,medagentbench,0.23215930892397293,0.23215930892397293
ineqmath,mmmlu,0.23207692961111884,0.23207692961111884
gaia2,ineqmath,0.23156367370171643,0.23156367370171643
algotune,livecodebench,0.23105230684931466,0.23105230684931466
omnimath,research-code-bench,0.2271396313124905,0.2271396313124905
bigcodebench,usaco,0.2235294117647059,0.2235294117647059
codepde,lawbench,0.22174190403635877,0.22174190403635877
labbench,qcircuitbench,0.22058823529411764,0.22058823529411764
labbench,lawbench,0.22058823529411764,0.22058823529411764
cybergym,research-code-bench,0.22057244274468274,0.22057244274468274
crustbench,ineqmath,0.21976425083793472,0.21976425083793472
algotune,research-code-bench,0.21918872910253928,0.21918872910253928
bfcl,swtbench,0.2182890855457227,0.2182890855457227
gso,ineqmath,0.21623622124868963,0.21623622124868963
dacode,research-code-bench,0.21386523727474754,0.21386523727474754
gpqa-diamond,research-code-bench,0.21386523727474754,0.21386523727474754
research-code-bench,swesmith,0.21180863721356488,0.21180863721356488
mmmlu,usaco,0.20944043926216654,0.20944043926216654
ineqmath,spider2,0.20928569935241095,0.20928569935241095
algotune,simpleqa,0.20897724568536738,0.20897724568536738
bfcl,seal0,0.2048637254856782,0.2048637254856782
ineqmath,swtbench,0.20442809995183286,0.20442809995183286
gso,usaco,0.20324027932482094,0.20324027932482094
ineqmath,spreadsheetbench,0.2020651165422621,0.2020651165422621
codepde,financeagent_terminal,0.20179963128445735,0.20179963128445735
algotune,labbench,-0.20161889196405164,0.20161889196405164
spreadsheetbench,usaco,0.20014722121978848,0.20014722121978848
codepde,usaco,0.19941889356289982,0.19941889356289982
reasoning-gym,research-code-bench,-0.1961660452244236,0.1961660452244236
codepde,research-code-bench,-0.1955302285914031,0.1955302285914031
bixbench,ineqmath,0.19256936700524724,0.19256936700524724
codepde,dacode,0.19048968937351626,0.19048968937351626
gso,labbench,0.18998547849928912,0.18998547849928912
ineqmath,swesmith,0.18952822974949401,0.18952822974949401
medagentbench,research-code-bench,0.18879138187012195,0.18879138187012195
labbench,swebench-multilingual,0.18851272285200782,0.18851272285200782
mmau,simpleqa,0.1883738552656833,0.1883738552656833
cybergym,mmau,0.1843952304478353,0.1843952304478353
codepde,featurebench-modal,0.18108287928299863,0.18108287928299863
ineqmath,qcircuitbench,0.1768611543823191,0.1768611543823191
codepde,terminal-bench,0.17263128099474911,0.17263128099474911
dacode,ineqmath,0.17096578256957515,0.17096578256957515
ineqmath,skillsbench,0.16654425371001716,0.16654425371001716
codepde,spreadsheetbench,0.16605652316027303,0.16605652316027303
lawbench,mmmlu,0.16224259379463607,0.16224259379463607
labbench,spider2,0.16176470588235295,0.16176470588235295
spider2,usaco,0.15588235294117647,0.15588235294117647
mmmlu,sldbench,0.1533929977694741,0.1533929977694741
bfcl,compilebench,0.14784954848300522,0.14784954848300522
bixbench,codepde,-0.14714781064011032,0.14714781064011032
ineqmath,lawbench,0.14591045236541328,0.14591045236541328
bfcl,ineqmath,0.145387493467549,0.145387493467549
codepde,seal0,-0.1437170805826578,0.1437170805826578
financeagent_terminal,labbench,0.1398087207049993,0.1398087207049993
algotune,mmmlu,0.13874572751271846,0.13874572751271846
dacode,mmmlu,0.13864367106087083,0.13864367106087083
ineqmath,research-code-bench,0.13821141986394658,0.13821141986394658
codepde,cybergym,-0.13458661833534336,0.13458661833534336
dacode,labbench,0.12352941176470589,0.12352941176470589
codepde,sldbench,0.12203245725490885,0.12203245725490885
compilebench,ineqmath,-0.12119230433148764,0.12119230433148764
ineqmath,strongreject,-0.1208551221612514,0.1208551221612514
mmmlu,swebench-verified,0.11834319526627218,0.11834319526627218
codepde,strongreject,0.11607965446198647,0.11607965446198647
codepde,quixbugs,0.11269108594390026,0.11269108594390026
codepde,swebench-verified,0.11194478736149033,0.11194478736149033
mmmlu,strongreject,-0.10619515230194361,0.10619515230194361
ineqmath,swe-lancer,0.10611669262939147,0.10611669262939147
labbench,swesmith,0.10596029358694685,0.10596029358694685
research-code-bench,sldbench,0.10472021963108327,0.10472021963108327
mmmlu,reasoning-gym,-0.10324528696022295,0.10324528696022295
codepde,widesearch,0.09970944678144991,0.09970944678144991
ineqmath,swebench-multilingual,-0.09963102344222902,0.09963102344222902
ineqmath,kumo,0.09955599322405867,0.09955599322405867
codepde,omnimath,-0.09673304538498873,0.09673304538498873
codepde,gaia2,0.09457030691190436,0.09457030691190436
cybergym,ineqmath,0.09307832695453969,0.09307832695453969
aime,codepde,0.08975521231755468,0.08975521231755468
swesmith,usaco,0.08830024465578903,0.08830024465578903
codepde,kumo,-0.08702236762308814,0.08702236762308814
gaia2,usaco,0.08535690316726274,0.08535690316726274
codepde,swebench-multilingual,0.08346206781767837,0.08346206781767837
research-code-bench,swebench-multilingual,0.08271796320766123,0.08271796320766123
ineqmath,livecodebench,0.0810613624252296,0.0810613624252296
bfcl,codepde,0.08048127968133272,0.08048127968133272
labbench,spreadsheetbench,0.07947022019021013,0.07947022019021013
gaia2,labbench,0.07652687870168383,0.07652687870168383
bigcodebench,mmmlu,0.07374663354301639,0.07374663354301639
codepde,spider2,0.07292183421329919,0.07292183421329919
mmmlu,swesmith,0.06642082700076948,0.06642082700076948
research-code-bench,scicode,0.06489703751785443,0.06489703751785443
codepde,hle,-0.06399263002391561,0.06399263002391561
aider-polyglot,ineqmath,0.06337524698699769,0.06337524698699769
bfcl,usaco,0.06332849283309638,0.06332849283309638
bfcl,sldbench,0.06332849283309638,0.06332849283309638
labbench,reasoning-gym,0.061764705882352944,0.061764705882352944
mmmlu,qcircuitbench,0.058997306834413114,0.058997306834413114
codepde,swe-lancer,0.058039827230993234,0.058039827230993234
mmau,mmmlu,0.05756471673400022,0.05756471673400022
ineqmath,replicationbench,0.05756459132217676,0.05756459132217676
labbench,mmau,0.057395159026262875,0.057395159026262875
mmau,research-code-bench,0.05461267997841046,0.05461267997841046
lawbench,research-code-bench,0.05457250882183213,0.05457250882183213
codepde,swesmith,0.053614662186276495,0.053614662186276495
algotune,cybergym,0.053534099162274765,0.053534099162274765
aider-polyglot,codepde,0.05208702443807085,0.05208702443807085
arc-agi-2,ineqmath,0.05166053067374837,0.05166053067374837
ineqmath,labbench,-0.05158450336150974,0.05158450336150974
research-code-bench,strongreject,0.05014771080925115,0.05014771080925115
ineqmath,pixiu,-0.05011066040832375,0.05011066040832375
bigcodebench,labbench,-0.05,0.05
aa-lcr,codepde,0.04914677367075345,0.04914677367075345
codepde,gpqa-diamond,0.04613422164514847,0.04613422164514847
codepde,skillsbench,0.04315782024868728,0.04315782024868728
arc-agi-2,codepde,-0.04024063984066636,0.04024063984066636
mmmlu,swebench-multilingual,-0.03397344917457515,0.03397344917457515
codepde,compilebench,0.03378393611635186,0.03378393611635186
bfcl,labbench,0.032400624240188844,0.032400624240188844
bfcl,research-code-bench,-0.02880357647409632,0.02880357647409632
bfcl,mmmlu,0.025110810259468586,0.025110810259468586
research-code-bench,usaco,-0.023598922733765244,0.023598922733765244
algotune,usaco,-0.02354673190821041,0.02354673190821041
codepde,gaia,-0.020105498319853685,0.020105498319853685
labbench,strongreject,-0.01764705882352941,0.01764705882352941
codepde,deepsynth,0.014882006982305959,0.014882006982305959
codepde,gso,-0.013413546613555453,0.013413546613555453
codepde,replicationbench,-0.01266834957946904,0.01266834957946904
ineqmath,swebench-verified,0.011825576031139814,0.011825576031139814
qcircuitbench,research-code-bench,-0.008849596025161967,0.008849596025161967
codepde,livecodebench,-0.005952802792922383,0.005952802792922383
codepde,pixiu,0.0,0.0
